ONEWEB-0012             
1 44057U 19010A   26161.48944903  .00000065  00000+0  13682-3 0  9991
2 44057  87.9103 230.1153 0002075  86.5942 273.5427 13.16594594350682
ONEWEB-0010             
1 44058U 19010B   26161.43878138 -.00000018  00000+0 -80400-4 0  9996
2 44058  87.9101 230.1208 0001782 105.5631 254.5697 13.16594783350726
ONEWEB-0008             
1 44059U 19010C   26161.46411541  .00000042  00000+0  76885-4 0  9998
2 44059  87.9098 230.1115 0002322 101.1075 259.0317 13.16595761350843
ONEWEB-0007             
1 44060U 19010D   26161.26571448  .00000185  00000+0  45803-3 0  9994
2 44060  87.8999 260.6001 0001672  96.1476 263.9845 13.15548303350468
ONEWEB-0006             
1 44061U 19010E   26161.26966574  .00000175  00000+0  43071-3 0  9997
2 44061  87.9010 260.5628 0001805 102.6768 257.4564 13.15548312350515
ONEWEB-0011             
1 44062U 19010F   26161.31402698 -.00000071  00000+0 -22348-3 0  9997
2 44062  87.9013 260.5636 0002001 107.0296 253.1054 13.15550693350514
ONEWEB-0013             
1 45131U 20008A   26161.44590632  .00000298  00000+0  82841-3 0  9997
2 45131  87.8532  54.1851 0002529  59.0309 301.1066 13.09460856305183
ONEWEB-0017             
1 45132U 20008B   26161.35661433  .00000027  00000+0  41234-4 0  9998
2 45132  87.8836  37.6293 0001620  86.1136 274.0177 13.10369403307054
ONEWEB-0020             
1 45133U 20008C   26161.40310561  .00000366  00000+0  10120-2 0  9992
2 45133  87.8847  37.6185 0001826  80.4661 279.6673 13.10374636307455
ONEWEB-0021             
1 45134U 20008D   26161.41804536  .00000578  00000+0  16191-2 0  9993
2 45134  87.8837  37.6314 0001777  78.8253 281.3074 13.10371599307766
ONEWEB-0023             
1 45136U 20008F   26161.35247172  .00000222  00000+0  60040-3 0  9994
2 45136  87.8841  37.6262 0001940  79.8497 280.2849 13.10369461307187
ONEWEB-0024             
1 45137U 20008G   26161.40158000  .00000327  00000+0  89954-3 0  9993
2 45137  87.8852  37.6089 0001784  81.4821 278.6509 13.10374854307358
ONEWEB-0025             
1 45138U 20008H   26161.40130400  .00000322  00000+0  88540-3 0  9993
2 45138  87.8855  37.5984 0002152  92.7951 267.3422 13.10375021307686
ONEWEB-0026             
1 45139U 20008J   26161.52074205  .00000498  00000+0  13697-2 0  9991
2 45139  87.8892  22.3956 0001755  88.8526 271.2803 13.11418625310232
ONEWEB-0028             
1 45140U 20008K   26161.34355228  .00013224  00000+0  37258-1 0  9999
2 45140  87.8889  22.4398 0002202  81.8400 278.2978 13.11352247307720
ONEWEB-0032             
1 45141U 20008L   26161.35841196 -.00000090  00000+0 -29509-3 0  9996
2 45141  87.8836  37.6306 0002147  71.8405 288.2956 13.10369015307404
ONEWEB-0033             
1 45142U 20008M   26161.40974470  .00000622  00000+0  17461-2 0  9997
2 45142  87.8837  37.6278 0001463  94.9702 265.1592 13.10373957307321
ONEWEB-0035             
1 45143U 20008N   26161.35344666  .00000152  00000+0  40023-3 0  9999
2 45143  87.8834  37.6317 0001724  84.2490 275.8834 13.10370747307049
ONEWEB-0036             
1 45144U 20008P   26161.40291314  .00000353  00000+0  97922-3 0  9990
2 45144  87.8858  37.6317 0002028  77.7933 282.3422 13.09983897307470
ONEWEB-0038             
1 45145U 20008Q   26161.37846543  .00000456  00000+0  12509-2 0  9998
2 45145  87.8907  22.4314 0000944  17.0457 343.0703 13.11415804309434
ONEWEB-0039             
1 45146U 20008R   26161.41306568  .00000242  00000+0  65609-3 0  9995
2 45146  87.8833  37.6173 0001979  67.4905 292.6431 13.10372500307271
ONEWEB-0040             
1 45147U 20008S   26161.40642501  .00000550  00000+0  15394-2 0  9992
2 45147  87.8839  37.6296 0001744  77.9174 282.2149 13.10374421306979
ONEWEB-0043             
1 45149U 20008U   26161.40808874  .00000562  00000+0  15730-2 0  9998
2 45149  87.8843  37.6165 0002168  68.4509 291.6849 13.10374244307299
ONEWEB-0044             
1 45150U 20008V   26161.35993294 -.00000159  00000+0 -49136-3 0  9997
2 45150  87.8843  37.6262 0001849  75.8669 284.2664 13.10369072307581
ONEWEB-0045             
1 45151U 20008W   26161.52583669  .00000583  00000+0  16102-2 0  9993
2 45151  87.8900  22.3851 0001815  80.5168 279.6165 13.11417381309530
ONEWEB-0047             
1 45152U 20008X   26161.35316538  .00000177  00000+0  46980-3 0  9991
2 45152  87.8842  37.6271 0001600  82.2888 277.8421 13.10370047307305
ONEWEB-0048             
1 45153U 20008Y   26161.34832369  .00000450  00000+0  12521-2 0  9993
2 45153  87.8834  37.6497 0001737  82.0572 278.0752 13.10370991306910
ONEWEB-0049             
1 45154U 20008Z   26161.35150859  .00000271  00000+0  73959-3 0  9996
2 45154  87.8837  37.6384 0002237  84.1092 276.0290 13.10369347307138
ONEWEB-0051             
1 45155U 20008AA  26161.37155670  .00000516  00000+0  14211-2 0  9992
2 45155  87.8894  22.4239 0001855  83.9763 276.1577 13.11417128310191
ONEWEB-0052             
1 45156U 20008AB  26161.37168580 -.00000648  00000+0 -18916-2 0  9991
2 45156  87.8840  37.6200 0002276  82.9699 277.1687 13.10371006307040
ONEWEB-0053             
1 45157U 20008AC  26161.40476698  .00000440  00000+0  12229-2 0  9997
2 45157  87.8840  37.6355 0002246  73.3522 286.7852 13.10374632307024
ONEWEB-0054             
1 45158U 20008AD  26161.36324919 -.00000323  00000+0 -96171-3 0  9992
2 45158  87.8846  37.6258 0001870  83.1275 277.0065 13.10369239307137
ONEWEB-0056             
1 45159U 20008AE  26161.41129375  .00000645  00000+0  18111-2 0  9990
2 45159  87.8846  37.6102 0001949  89.8069 270.3281 13.10374985307294
ONEWEB-0057             
1 45160U 20008AF  26161.35177946  .00000237  00000+0  64127-3 0  9998
2 45160  87.8839  37.6343 0002234  73.8230 286.3143 13.10369006307456
ONEWEB-0058             
1 45161U 20008AG  26161.41486682  .00000660  00000+0  18545-2 0  9998
2 45161  87.8833  37.6285 0001626  79.3906 280.7404 13.10372215307534
ONEWEB-0059             
1 45162U 20008AH  26161.41154860  .00000609  00000+0  17069-2 0  9992
2 45162  87.8833  37.6280 0001715  75.4650 284.6668 13.10373373307432
ONEWEB-0062             
1 45163U 20008AJ  26161.35813838 -.00000067  00000+0 -22828-3 0  9993
2 45163  87.8844  37.6253 0001405  88.8026 271.3262 13.10369223307292
ONEWEB-0065             
1 45164U 20008AK  26161.39133457 -.00000197  00000+0 -59966-3 0  9997
2 45164  87.8847  37.6267 0002164  81.5405 278.5968 13.10375714306995
ONEWEB-0066             
1 45424U 20020A   26161.35627492  .00000133  00000+0  33941-3 0  9996
2 45424  87.8895  22.4312 0001731  78.9032 281.2290 13.11419931301787
ONEWEB-0067             
1 45425U 20020B   26161.16530872 -.00000167  00000+0 -50638-3 0  9992
2 45425  87.8911  22.3895 0001974  82.2161 277.9191 13.11422131301814
ONEWEB-0080             
1 45426U 20020C   26161.31742289 -.00000139  00000+0 -42814-3 0  9993
2 45426  87.8901  22.4342 0001528  89.8931 270.2372 13.11415432301807
ONEWEB-0090             
1 45427U 20020D   26161.11734634 -.00000412  00000+0 -11990-2 0  9991
2 45427  87.8904  22.4788 0001749  85.7870 274.3458 13.11418793301743
ONEWEB-0061             
1 45428U 20020E   26161.14929708  .00000479  00000+0  13151-2 0  9995
2 45428  87.8900  22.4571 0001761  83.3846 276.7482 13.11416645301704
ONEWEB-0081             
1 45429U 20020F   26161.51226370  .00000218  00000+0  57972-3 0  9993
2 45429  87.8897  22.3957 0001872  78.1825 281.9512 13.11419907301862
ONEWEB-0069             
1 45430U 20020G   26161.51409060  .00000353  00000+0  95953-3 0  9995
2 45430  87.8898  22.3980 0001834  81.5402 278.5933 13.11420938301795
ONEWEB-0031             
1 45431U 20020H   26161.16808013 -.00000265  00000+0 -78339-3 0  9991
2 45431  87.8888  22.4724 0001659  88.4548 271.6770 13.11415948301736
ONEWEB-0027             
1 45432U 20020J   26161.49971697  .00000043  00000+0  79404-4 0  9994
2 45432  87.9148   7.1935 0001872  98.1060 262.0283 13.16054257305470
ONEWEB-0064             
1 45433U 20020K   26161.09008582 -.00000172  00000+0 -52248-3 0  9996
2 45433  87.8893  22.4795 0001741  89.4708 270.6620 13.11414051301752
ONEWEB-0018             
1 45434U 20020L   26161.35114243  .00001081  00000+0  30126-2 0  9996
2 45434  87.8816  22.4324 0001783  84.2870 275.8462 13.11450212301733
ONEWEB-0083             
1 45435U 20020M   26161.34115986 -.00000403  00000+0 -11719-2 0  9997
2 45435  87.8899  22.4225 0001728  84.5077 275.6248 13.11417577301777
ONEWEB-0095             
1 45436U 20020N   26161.33270279  .00000075  00000+0  17673-3 0  9993
2 45436  87.8908  22.4325 0002426  96.4783 263.6621 13.11416671301778
ONEWEB-0092             
1 45437U 20020P   26161.51625786  .00000344  00000+0  92662-3 0  9991
2 45437  87.8899  22.3879 0002149  85.4024 274.7349 13.11956513301919
ONEWEB-0085             
1 45438U 20020Q   26161.34087865 -.00000421  00000+0 -12239-2 0  9992
2 45438  87.8895  22.4297 0001798  84.7719 275.3614 13.11419173301775
ONEWEB-0096             
1 45439U 20020R   26161.34273728 -.00000380  00000+0 -11084-2 0  9999
2 45439  87.8903  22.4249 0001847  87.2598 272.8741 13.11423650301768
ONEWEB-0037             
1 45440U 20020S   26161.37859465  .00000385  00000+0  10433-2 0  9992
2 45440  87.8911  22.3913 0001903  85.7948 274.3398 13.11911367301808
ONEWEB-0042             
1 45441U 20020T   26161.33239863 -.00000606  00000+0 -17448-2 0  9994
2 45441  87.8899  22.4232 0001872  81.7185 278.4155 13.11415720301766
ONEWEB-0098             
1 45442U 20020U   26161.32830242 -.00000487  00000+0 -14086-2 0  9994
2 45442  87.8898  22.4332 0001732  85.5895 274.5430 13.11416048301747
ONEWEB-0055             
1 45443U 20020V   26161.07810332  .00000343  00000+0  93076-3 0  9991
2 45443  87.8897  22.4816 0001727  85.5758 274.5567 13.11413362301686
ONEWEB-0093             
1 45444U 20020W   26161.36320081  .00000369  00000+0  10065-2 0  9995
2 45444  87.8901  22.4179 0002027  73.4035 286.7316 13.11419664301782
ONEWEB-0029             
1 45445U 20020X   26161.16144088  .00000021  00000+0  22142-4 0  9991
2 45445  87.8889  22.4678 0001788  75.5383 284.5943 13.11417879301737
ONEWEB-0068             
1 45446U 20020Y   26161.51552712  .00000388  00000+0  10576-2 0  9990
2 45446  87.8904  22.3914 0001794  77.4446 282.6882 13.11418880301729
ONEWEB-0046             
1 45447U 20020Z   26161.35457760  .00000060  00000+0  13364-3 0  9996
2 45447  87.8893  22.4298 0002042  79.7581 280.3777 13.11420206301717
ONEWEB-0063             
1 45448U 20020AA  26161.15465875  .00000283  00000+0  76202-3 0  9998
2 45448  87.8900  22.4678 0002116  87.1592 272.9779 13.11417199301778
ONEWEB-0019             
1 45449U 20020AB  26161.34596660 -.00000265  00000+0 -78247-3 0  9990
2 45449  87.8895  22.4169 0001683  87.4534 272.6786 13.11419127301648
ONEWEB-0094             
1 45450U 20020AC  26161.52054258 -.00000232  00000+0 -63020-3 0  9991
2 45450  87.9144   7.1749 0001660  83.3589 276.7732 13.17648434305430
ONEWEB-0087             
1 45451U 20020AD  26161.31714595 -.00000110  00000+0 -34641-3 0  9998
2 45451  87.8910  22.4090 0001764  74.4967 285.6356 13.11414927301682
ONEWEB-0082             
1 45452U 20020AE  26161.16117478 -.00000024  00000+0 -10271-3 0  9996
2 45452  87.8900  22.4572 0002013  71.0346 289.1000 13.11415865301754
ONEWEB-0050             
1 45453U 20020AF  26161.22675140  .00002110  00000+0  21484-3 0  9993
2 45453  88.9297 234.1553 0004198  42.8992 317.2564 14.90353100339341
ONEWEB-0034             
1 45454U 20020AG  26161.35128235  .00018110  00000+0  51042-1 0  9994
2 45454  87.8926  22.4279 0001275  81.6488 278.4785 13.11308399301698
ONEWEB-0060             
1 45455U 20020AH  26161.15367140  .00000336  00000+0  91303-3 0  9990
2 45455  87.8892  22.4665 0001617  50.1609 309.9661 13.11416049301624
ONEWEB-0086             
1 45456U 20020AJ  26161.36123204 -.00002209  00000+0 -62696-2 0  9990
2 45456  87.8902  22.4203 0001141  68.1082 292.0167 13.11430791301714
ONEWEB-0088             
1 45457U 20020AK  26161.33932201 -.00000437  00000+0 -12698-2 0  9991
2 45457  87.8911  22.3971 0002212  81.8085 278.3294 13.11418713301641
ONEWEB-0102             
1 47258U 20100A   26161.50132549  .00000121  00000+0  30147-3 0  9995
2 47258  87.8938 352.0057 0001537  94.0472 266.0832 13.12445457263852
ONEWEB-0109             
1 47259U 20100B   26161.50980214  .00000384  00000+0  10314-2 0  9990
2 47259  87.8948 351.9868 0001759  94.3012 265.8317 13.12444518263684
ONEWEB-0110             
1 47260U 20100C   26161.23195524 -.00000048  00000+0 -17002-3 0  9995
2 47260  87.8948 352.0261 0001552  84.8193 275.3112 13.12442825263813
ONEWEB-0111             
1 47261U 20100D   26161.49115009 -.00000358  00000+0 -10314-2 0  9996
2 47261  87.8946 351.9935 0001798  86.5886 273.5448 13.12442658263689
ONEWEB-0114             
1 47262U 20100E   26161.52166082  .00000417  00000+0  11241-2 0  9992
2 47262  87.8949 351.9846 0001954  96.4356 263.6995 13.12443463263648
ONEWEB-0117             
1 47263U 20100F   26161.51319407  .00000477  00000+0  12918-2 0  9991
2 47263  87.8948 351.9776 0001769  89.1337 270.9994 13.12443426263652
ONEWEB-0118             
1 47264U 20100G   26161.24211677 -.00000361  00000+0 -10393-2 0  9991
2 47264  87.8948 352.0338 0002105  93.0030 267.1339 13.12442200263816
ONEWEB-0119             
1 47265U 20100H   26161.49624896 -.00000031  00000+0 -12040-3 0  9996
2 47265  87.8937 352.0009 0001824  90.1239 270.0098 13.12444060263828
ONEWEB-0120             
1 47266U 20100J   26161.52011212  .00000474  00000+0  12829-2 0  9996
2 47266  87.8938 351.9972 0001789  95.5195 264.6137 13.12443464263850
ONEWEB-0121             
1 47267U 20100K   26161.50810955  .00000374  00000+0  10032-2 0  9999
2 47267  87.8948 351.9851 0001808  79.1697 280.9635 13.12444380263767
ONEWEB-0122             
1 47268U 20100L   26161.50218588  .00000177  00000+0  45780-3 0  9994
2 47268  87.8949 351.9906 0001697  93.4195 266.7128 13.12443956263675
ONEWEB-0123             
1 47269U 20100M   26161.49794328  .00000013  00000+0  18532-5 0  9990
2 47269  87.8938 351.9996 0001915  90.1235 270.0113 13.12444846263812
ONEWEB-0124             
1 47270U 20100N   26161.48777392 -.00000292  00000+0 -84597-3 0  9996
2 47270  87.8935 352.0048 0001824  86.1103 274.0234 13.12444547263691
ONEWEB-0125             
1 47271U 20100P   26161.23703442 -.00000232  00000+0 -67971-3 0  9996
2 47271  87.8948 352.0368 0002033  82.5091 277.6269 13.12443384263729
ONEWEB-0126             
1 47272U 20100Q   26161.48622238 -.00000329  00000+0 -95046-3 0  9998
2 47272  87.8941 352.0038 0001842  93.6824 266.4515 13.12443148263820
ONEWEB-0127             
1 47273U 20100R   26161.52843497  .00000366  00000+0  98190-3 0  9998
2 47273  87.8935 351.9943 0001777  93.9091 266.2241 13.12443078263852
ONEWEB-0128             
1 47274U 20100S   26161.09302701 -.00000430  00000+0 -12305-2 0  9996
2 47274  87.8937 352.0948 0001539  83.4928 276.6376 13.12442628263811
ONEWEB-0129             
1 47275U 20100T   26161.53013194  .00000247  00000+0  65063-3 0  9995
2 47275  87.8947 351.9809 0002123 122.0050 238.1285 13.12441909263805
ONEWEB-0130             
1 47276U 20100U   26161.48099744 -.00000386  00000+0 -11084-2 0  9994
2 47276  87.8953 351.9864 0001718  91.7030 268.4296 13.12443557263767
ONEWEB-0131             
1 47277U 20100V   26161.47760120 -.00000383  00000+0 -10996-2 0  9995
2 47277  87.8936 352.0054 0001759  89.6177 270.5153 13.12443570263801
ONEWEB-0132             
1 47278U 20100W   26161.50641888  .00000269  00000+0  71284-3 0  9998
2 47278  87.8938 352.0016 0001745  88.4351 271.6978 13.12444424263703
ONEWEB-0133             
1 47279U 20100X   26161.52321461  .00000448  00000+0  12110-2 0  9994
2 47279  87.8952 351.9734 0001659  86.7563 273.3755 13.12444057263866
ONEWEB-0134             
1 47280U 20100Y   26161.49284973 -.00000159  00000+0 -47594-3 0  9994
2 47280  87.8950 351.9763 0001569  93.8717 266.2591 13.12445086263837
ONEWEB-0135             
1 47281U 20100Z   26161.23534094 -.00000128  00000+0 -39050-3 0  9993
2 47281  87.8938 352.0512 0001474  90.1460 269.9838 13.12443021263828
ONEWEB-0136             
1 47282U 20100AA  26161.48268554 -.00000359  00000+0 -10328-2 0  9998
2 47282  87.8945 351.9832 0001548  96.5363 263.5941 13.12443902263782
ONEWEB-0137             
1 47283U 20100AB  26161.51657692  .00000487  00000+0  13175-2 0  9991
2 47283  87.8951 351.9861 0001956  88.8828 271.2524 13.12444030263691
ONEWEB-0138             
1 47284U 20100AC  26161.49455351 -.00000118  00000+0 -36447-3 0  9998
2 47284  87.8948 351.9964 0001670  95.5258 264.6061 13.12444246263777
ONEWEB-0139             
1 47285U 20100AD  26161.23039916  .00000008  00000+0 -12949-4 0  9995
2 47285  87.8946 352.0351 0001787  90.5808 269.5525 13.12443159263819
ONEWEB-0140             
1 47286U 20100AE  26161.48946624 -.00000266  00000+0 -77480-3 0  9993
2 47286  87.8948 351.9745 0001696  85.0167 275.1155 13.12444218263812
ONEWEB-0141             
1 47287U 20100AF  26161.23012363  .00000043  00000+0  84101-4 0  9991
2 47287  87.8948 352.0309 0002108  90.5023 269.6347 13.12443279263763
ONEWEB-0142             
1 47288U 20100AG  26161.52351190  .00000445  00000+0  12020-2 0  9993
2 47288  87.8942 351.9945 0002059  99.6602 260.4759 13.12442160263797
ONEWEB-0143             
1 47289U 20100AH  26161.22856878  .00000053  00000+0  11105-3 0  9993
2 47289  87.8947 352.0516 0001841  89.3543 270.7797 13.12443149263735
ONEWEB-0144             
1 47290U 20100AJ  26161.50473377  .00000233  00000+0  61286-3 0  9990
2 47290  87.8952 351.9705 0001723 101.0813 259.0509 13.12444862263691
ONEWEB-0145             
1 47291U 20100AK  26161.47591199 -.00000360  00000+0 -10355-2 0  9993
2 47291  87.8940 352.0044 0001802  92.1879 267.9456 13.12443419263884
ONEWEB-0146             
1 47292U 20100AL  26161.24381552 -.00000388  00000+0 -11147-2 0  9999
2 47292  87.8948 352.0420 0001793  78.1139 282.0191 13.12443204263766
ONEWEB-0147             
1 47293U 20100AM  26161.51488353  .00000460  00000+0  12439-2 0  9991
2 47293  87.8950 351.9698 0001636  88.9118 271.2198 13.12444180263690
ONEWEB-0115             
1 48042U 21025A   26161.16737794 -.00000315  00000+0 -89809-3 0  9995
2 48042  87.8953 321.6212 0001791  93.0237 267.1097 13.13469748252679
ONEWEB-0152             
1 48043U 21025B   26161.48562983 -.00000114  00000+0 -34678-3 0  9998
2 48043  87.8957 321.5542 0001748  91.4458 268.6871 13.13470425252678
ONEWEB-0153             
1 48044U 21025C   26161.15890973 -.00000288  00000+0 -82420-3 0  9996
2 48044  87.8948 321.6227 0001855  97.1699 262.9641 13.13470196252621
ONEWEB-0154             
1 48045U 21025D   26161.15552382 -.00000224  00000+0 -64721-3 0  9990
2 48045  87.8951 321.6206 0001715  95.0278 265.1047 13.13469244252580
ONEWEB-0116             
1 48046U 21025E   26161.19445125  .00000143  00000+0  35723-3 0  9999
2 48046  87.8955 321.6095 0001755  91.5182 268.6148 13.13468990252734
ONEWEB-0150             
1 48047U 21025F   26161.47547111 -.00000269  00000+0 -77140-3 0  9999
2 48047  87.8958 321.5511 0002023  94.5548 265.5812 13.13470149252663
ONEWEB-0107             
1 48048U 21025G   26161.47716418 -.00000250  00000+0 -71944-3 0  9994
2 48048  87.8958 321.5464 0001925 102.8539 257.2805 13.13470313252645
ONEWEB-0101             
1 48049U 21025H   26161.13521499  .00000220  00000+0  56795-3 0  9993
2 48049  87.8947 321.6309 0001715  99.1566 260.9757 13.13470038252571
ONEWEB-0113             
1 48050U 21025J   26161.16183595 -.00000306  00000+0 -86753-3 0  9993
2 48050  87.8951 321.5364 0001855  92.5947 267.5394 13.13894622252684
ONEWEB-0112             
1 48051U 21025K   26161.48224345 -.00000101  00000+0 -31106-3 0  9993
2 48051  87.8958 321.5435 0001701 102.3362 257.7957 13.13470670252715
ONEWEB-0156             
1 48052U 21025L   26161.49070656  .00000038  00000+0  69836-4 0  9998
2 48052  87.8957 321.5518 0001921  97.9021 262.2326 13.13470686252697
ONEWEB-0161             
1 48053U 21025M   26161.16060234 -.00000326  00000+0 -92852-3 0  9999
2 48053  87.8954 321.6187 0001929  98.9998 261.1350 13.13470351252582
ONEWEB-0158             
1 48054U 21025N   26161.19616737  .00000263  00000+0  68510-3 0  9990
2 48054  87.8956 321.6090 0001608  91.3451 268.7862 13.13471360252710
ONEWEB-0157             
1 48055U 21025P   26161.14537569  .00000019  00000+0  17017-4 0  9997
2 48055  87.8954 321.6250 0001934 106.4740 253.6602 13.13468985252644
ONEWEB-0162             
1 48056U 21025Q   26161.50242366  .00000324  00000+0  85164-3 0  9992
2 48056  87.8952 321.5548 0001986  94.0157 266.1199 13.13470202252660
ONEWEB-0155             
1 48057U 21025R   26161.20461906  .00000375  00000+0  99079-3 0  9999
2 48057  87.8953 321.6103 0001725 100.6525 259.4799 13.13469381252762
ONEWEB-0149             
1 48058U 21025S   26161.15045084 -.00000121  00000+0 -36651-3 0  9997
2 48058  87.8956 321.6242 0002023  93.6474 266.4887 13.13469474252563
ONEWEB-0148             
1 48059U 21025T   26161.49409414  .00000127  00000+0  31408-3 0  9995
2 48059  87.8949 321.5633 0002401  95.9626 264.1777 13.13470668252732
ONEWEB-0160             
1 48060U 21025U   26161.51102331  .00000350  00000+0  92378-3 0  9999
2 48060  87.8950 321.5561 0001607  71.0727 289.0576 13.13470714252689
ONEWEB-0163             
1 48061U 21025V   26161.49578259  .00000193  00000+0  49318-3 0  9994
2 48061  87.8955 321.5530 0001883 104.2297 255.9041 13.13471150252806
ONEWEB-0159             
1 48062U 21025W   26161.48731865  .00000000  00000+0 -34372-4 0  9991
2 48062  87.8959 321.5482 0001841 103.5090 256.6244 13.13471004252726
ONEWEB-0164             
1 48063U 21025X   26161.16398324 -.00000349  00000+0 -99006-3 0  9997
2 48063  87.8958 321.6187 0001756  93.3519 266.7811 13.13469954252662
ONEWEB-0167             
1 48064U 21025Y   26161.49661666  .00000153  00000+0  38453-3 0  9996
2 48064  87.8946 321.5631 0001477 116.2106 243.9176 13.13472468252698
ONEWEB-0166             
1 48065U 21025Z   26161.51947666  .00000325  00000+0  85441-3 0  9997
2 48065  87.8959 321.5293 0001999  96.9579 263.1778 13.13471027252775
ONEWEB-0151             
1 48066U 21025AA  26161.52117322  .00000297  00000+0  77867-3 0  9998
2 48066  87.8948 321.5463 0001684  97.2684 262.8636 13.13469547252712
ONEWEB-0170             
1 48067U 21025AB  26161.14874973 -.00000074  00000+0 -23871-3 0  9990
2 48067  87.8949 321.6223 0001385  87.6731 272.4556 13.13469413252623
ONEWEB-0168             
1 48068U 21025AC  26161.20969537  .00000297  00000+0  77750-3 0  9999
2 48068  87.8958 321.6097 0001910 100.5366 259.5979 13.13469287252642
ONEWEB-0173             
1 48069U 21025AD  26161.50594288  .00000400  00000+0  10613-2 0  9990
2 48069  87.8950 321.5528 0001799 107.9245 252.2080 13.13470635252928
ONEWEB-0171             
1 48070U 21025AE  26161.16229311 -.00000389  00000+0 -10998-2 0  9990
2 48070  87.8947 321.6292 0001723  95.6177 264.5148 13.13470163252690
ONEWEB-0172             
1 48071U 21025AF  26160.98962208  .00000077  00000+0  17657-3 0  9991
2 48071  87.8954 321.6533 0001696  99.8683 260.2638 13.13470375253563
ONEWEB-0174             
1 48072U 21025AG  26161.19954814  .00000312  00000+0  81851-3 0  9999
2 48072  87.8951 321.6111 0001974  97.0113 263.1240 13.13470203252919
ONEWEB-0175             
1 48073U 21025AH  26161.15383285 -.00000209  00000+0 -60732-3 0  9996
2 48073  87.8959 321.6037 0001459  96.6125 263.5170 13.13469555252566
ONEWEB-0177             
1 48074U 21025AJ  26161.16567698 -.00000339  00000+0 -96452-3 0  9992
2 48074  87.8955 321.6200 0001984 100.1445 259.9908 13.13470781252756
ONEWEB-0178             
1 48075U 21025AK  26161.48913492 -.00000102  00000+0 -31316-3 0  9991
2 48075  87.8939 321.5693 0001634 102.6380 257.4932 13.13471990252844
ONEWEB-0108             
1 48076U 21025AL  26161.14367417  .00000068  00000+0  15074-3 0  9997
2 48076  87.8959 321.6157 0001940  89.0136 271.1216 13.13469615252726
ONEWEB-0169             
1 48077U 21025AM  26161.48054448 -.00000156  00000+0 -46299-3 0  9995
2 48077  87.8950 321.5572 0001945  96.5667 263.5683 13.13470625251427
ONEWEB-0176             
1 48210U 21031A   26161.32839230  .00000037  00000+0  64230-4 0  9996
2 48210  87.8958 291.0664 0001826 102.9577 257.1757 13.14503283247410
ONEWEB-0184             
1 48211U 21031B   26161.30142687 -.00000090  00000+0 -27632-3 0  9993
2 48211  87.8968 291.0720 0001266 120.9638 239.1617 13.14502358247384
ONEWEB-0179             
1 48212U 21031C   26161.28607340  .00000185  00000+0  55453-4 0  9999
2 48212  87.8984 288.6338 0218635 279.9487  77.7093 14.25518440248069
ONEWEB-0180             
1 48213U 21031D   26161.30460213 -.00000144  00000+0 -42197-3 0  9996
2 48213  87.8966 291.0676 0002032 113.2398 246.8946 13.14502769247313
ONEWEB-0218             
1 48214U 21031E   26161.32680220  .00000007  00000+0 -16643-4 0  9996
2 48214  87.8966 291.0622 0001546 128.4064 231.7204 13.14502599247470
ONEWEB-0209             
1 48215U 21031F   26161.31568807 -.00000474  00000+0 -13132-2 0  9999
2 48215  87.8957 291.0821 0002055 105.4429 254.6928 13.14502859247474
ONEWEB-0198             
1 48216U 21031G   26161.29998466 -.00000091  00000+0 -27941-3 0  9994
2 48216  87.8951 291.0847 0001878 114.2546 245.8780 13.14501949247586
ONEWEB-0189             
1 48217U 21031H   26161.31253279 -.00000176  00000+0 -50812-3 0  9991
2 48217  87.8961 291.0679 0001878 111.0755 249.0575 13.14502751247320
ONEWEB-0196             
1 48218U 21031J   26161.29033340  .00000114  00000+0  27310-3 0  9991
2 48218  87.8962 291.0816 0001922 104.9383 255.1960 13.14502881247323
ONEWEB-0183             
1 48219U 21031K   26161.34108074  .00000257  00000+0  65873-3 0  9999
2 48219  87.8957 291.0697 0002071  97.8104 262.3261 13.14503089247428
ONEWEB-0185             
1 48220U 21031L   26161.29111676  .00000073  00000+0  16174-3 0  9993
2 48220  87.8967 291.0726 0002278 104.0539 256.0844 13.14502045247345
ONEWEB-0187             
1 48221U 21031M   26161.34728674  .00000274  00000+0  70585-3 0  9991
2 48221  87.8953 291.0778 0002062 105.8879 254.2478 13.14502770247365
ONEWEB-0192             
1 48222U 21031N   26161.31727382 -.00000408  00000+0 -11352-2 0  9991
2 48222  87.8955 291.0739 0001827 103.4671 256.6663 13.14502638247272
ONEWEB-0219             
1 48223U 21031P   26161.29665909 -.00000044  00000+0 -15277-3 0  9992
2 48223  87.8956 291.0698 0002102 105.0933 255.0429 13.14504253247474
ONEWEB-0202             
1 48224U 21031Q   26161.27765137  .00000209  00000+0  52865-3 0  9990
2 48224  87.8961 291.0859 0001595 121.2837 238.8449 13.14502383247459
ONEWEB-0204             
1 48225U 21031R   26161.31174164 -.00000175  00000+0 -50689-3 0  9996
2 48225  87.8960 291.0736 0002188  97.0557 263.0821 13.14502466247356
ONEWEB-0205             
1 48226U 21031S   26161.28714911  .00000125  00000+0  30394-3 0  9997
2 48226  87.8969 291.0714 0002021 107.6415 252.4935 13.14505311247360
ONEWEB-0206             
1 48227U 21031T   26161.33632102  .00000183  00000+0  45839-3 0  9999
2 48227  87.8963 291.0635 0001811  95.0672 265.0664 13.14503661247329
ONEWEB-0182             
1 48228U 21031U   26161.33156176  .00000094  00000+0  21920-3 0  9998
2 48228  87.8958 291.0723 0002091  96.8809 263.2559 13.14502567247534
ONEWEB-0186             
1 48229U 21031V   26161.34266155  .00000249  00000+0  63828-3 0  9994
2 48229  87.8967 291.0601 0001959 103.0392 257.0956 13.14502339247483
ONEWEB-0181             
1 48230U 21031W   26161.32046311 -.00000064  00000+0 -20646-3 0  9992
2 48230  87.8950 291.0950 0001917 106.6251 253.5089 13.14503361247339
ONEWEB-0188             
1 48231U 21031X   26161.05405142  .00000090  00000+0  20941-3 0  9999
2 48231  87.8952 291.1473 0001926 100.6923 259.4424 13.14503716247201
ONEWEB-0220             
1 48232U 21031Y   26161.32203220 -.00000099  00000+0 -30147-3 0  9993
2 48232  87.8966 291.0658 0002160 106.0377 254.0991 13.14501912247504
ONEWEB-0165             
1 48233U 21031Z   26161.27446574  .00000261  00000+0  66959-3 0  9998
2 48233  87.8961 291.0888 0001815 112.7209 247.4113 13.14500957247453
ONEWEB-0199             
1 48234U 21031AA  26161.33473463  .00000148  00000+0  36505-3 0  9991
2 48234  87.8965 291.0621 0001855  94.8389 265.2952 13.14503082247367
ONEWEB-0203             
1 48235U 21031AB  26161.32521972 -.00000032  00000+0 -12092-3 0  9999
2 48235  87.8965 291.0675 0001721 100.8352 259.2971 13.14502580247374
ONEWEB-0197             
1 48236U 21031AC  26161.29970840 -.00000061  00000+0 -19921-3 0  9998
2 48236  87.8958 291.0593 0002164  99.1286 261.0089 13.14503693247281
ONEWEB-0194             
1 48237U 21031AD  26161.05087795  .00000167  00000+0  41602-3 0  9997
2 48237  87.8960 291.1306 0001695  95.5025 264.6298 13.14502586247424
ONEWEB-0193             
1 48238U 21031AE  26161.06673189 -.00000132  00000+0 -39075-3 0  9992
2 48238  87.8961 291.1181 0001588  89.0700 271.0612 13.14502717247378
ONEWEB-0191             
1 48239U 21031AF  26160.92560112 -.00000226  00000+0 -64514-3 0  9998
2 48239  87.8967 291.1442 0002054  96.8970 263.2393 13.14503043247214
ONEWEB-0195             
1 48240U 21031AG  26161.28318455  .00000133  00000+0  32469-3 0  9990
2 48240  87.8966 291.0740 0001899 112.6335 247.4996 13.14501212247245
ONEWEB-0201             
1 48241U 21031AH  26161.34755273  .00000282  00000+0  72521-3 0  9999
2 48241  87.8959 291.0777 0002195 100.0999 260.0378 13.14504137247485
ONEWEB-0207             
1 48242U 21031AJ  26161.32759617  .00000032  00000+0  51693-4 0  9995
2 48242  87.8964 291.0659 0002177 100.7746 259.3628 13.14502724247397
ONEWEB-0208             
1 48243U 21031AK  26161.30936209 -.00000168  00000+0 -48894-3 0  9998
2 48243  87.8961 291.0760 0001807 111.4770 248.6552 13.14503409247403
ONEWEB-0200             
1 48244U 21031AL  26161.27288483  .00000284  00000+0  73100-3 0  9994
2 48244  87.8964 291.0698 0001933 103.3207 256.8138 13.14502540247329
ONEWEB-0217             
1 48245U 21031AM  26161.06039246  .00000020  00000+0  18920-4 0  9991
2 48245  87.8966 291.1168 0001863 111.0721 249.0609 13.14502215247241
ONEWEB-0211             
1 48767U 21045A   26161.50118799  .00000127  00000+0  30118-3 0  9995
2 48767  87.9006 260.4148 0001675 121.5821 238.5473 13.16196509243561
ONEWEB-0223             
1 48768U 21045B   26161.50021934 -.00000078  00000+0 -24149-3 0  9994
2 48768  87.9011 260.5217 0001585 108.2098 251.9205 13.15543250243520
ONEWEB-0230             
1 48769U 21045C   26161.31958638 -.00000001  00000+0 -37791-4 0  9998
2 48769  87.9000 260.5719 0002050  96.7388 263.3975 13.15548057243764
ONEWEB-0237             
1 48770U 21045D   26161.53664839 -.00000329  00000+0 -90821-3 0  9996
2 48770  87.9001 260.5305 0001685 100.9059 259.2261 13.15548307243517
ONEWEB-0235             
1 48771U 21045E   26161.51131630  .00000027  00000+0  37715-4 0  9990
2 48771  87.9010 260.5205 0001542 105.0218 255.1083 13.15548552243500
ONEWEB-0242             
1 48772U 21045F   26161.50496228 -.00000990  00000+0 -26629-2 0  9998
2 48772  87.9011 260.5185 0001881  96.7826 263.3519 13.15555636243546
ONEWEB-0241             
1 48773U 21045G   26161.26413600  .00000229  00000+0  57313-3 0  9993
2 48773  87.8997 260.5856 0001714 112.6265 247.5046 13.15548357243422
ONEWEB-0243             
1 48774U 21045H   26161.52398867 -.00000078  00000+0 -24009-3 0  9990
2 48774  87.9002 260.5460 0001531  89.6955 270.4351 13.15548922243486
ONEWEB-0222             
1 48775U 21045J   26161.50735111  .00000158  00000+0  38607-3 0  9992
2 48775  87.9011 260.5164 0001777 105.8060 254.3266 13.15548936243524
ONEWEB-0244             
1 48776U 21045K   26161.53349663 -.00000094  00000+0 -28507-3 0  9998
2 48776  87.9015 260.5053 0001827 100.6191 259.5145 13.15548578244098
ONEWEB-0247             
1 48777U 21045L   26161.53031653 -.00000084  00000+0 -25813-3 0  9992
2 48777  87.9000 260.5391 0001149  93.9983 266.1279 13.15547458243534
ONEWEB-0245             
1 48778U 21045M   26161.52556402 -.00000082  00000+0 -25255-3 0  9994
2 48778  87.9010 260.5185 0001878 105.9583 254.1754 13.15548077243506
ONEWEB-0229             
1 48779U 21045N   26161.52081933 -.00000030  00000+0 -11465-3 0  9998
2 48779  87.9010 260.5176 0001837  97.9311 262.2028 13.15548783243532
ONEWEB-0228             
1 48780U 21045P   26161.32604248 -.00000088  00000+0 -26699-3 0  9996
2 48780  87.9012 260.5487 0001883 101.9888 258.1453 13.15549318243426
ONEWEB-0232             
1 48781U 21045Q   26161.52873428 -.00000074  00000+0 -23004-3 0  9999
2 48781  87.9013 260.5093 0001966 103.1226 257.0124 13.15550183243776
ONEWEB-0231             
1 48782U 21045R   26161.50655552  .00000132  00000+0  31712-3 0  9992
2 48782  87.9007 260.5273 0001730 104.4695 255.6628 13.15548326243468
ONEWEB-0234             
1 48783U 21045S   26161.31627867 -.00000067  00000+0 -21333-3 0  9997
2 48783  87.9006 260.5467 0002583 115.4754 244.6644 13.15548790243571
ONEWEB-0238             
1 48784U 21045T   26161.31653837 -.00000025  00000+0 -10050-3 0  9992
2 48784  87.9012 260.5409 0002268 109.6883 250.4492 13.15550964243474
ONEWEB-0240             
1 48785U 21045U   26161.33779845  .00000206  00000+0  51327-3 0  9994
2 48785  87.9012 260.5469 0001779 110.1975 249.9347 13.15547409243502
ONEWEB-0246             
1 48786U 21045V   26161.33226674  .00000070  00000+0  15195-3 0  9994
2 48786  87.9011 260.5526 0001856  98.4559 261.6782 13.15548154243375
ONEWEB-0210             
1 48787U 21045W   26161.53507080 -.00000145  00000+0 -41972-3 0  9997
2 48787  87.9015 260.5093 0001256  79.7956 280.3316 13.15550715243441
ONEWEB-0214             
1 48788U 21045X   26161.31562087  .00000007  00000+0 -15146-4 0  9993
2 48788  87.9010 260.5496 0001919  90.2804 269.8546 13.15548912243386
ONEWEB-0221             
1 48789U 21045Y   26161.32275369  .00000084  00000+0  18919-3 0  9993
2 48789  87.9008 260.5570 0001766 103.2371 256.8956 13.15548150243476
ONEWEB-0213             
1 48790U 21045Z   26161.31164488 -.00000072  00000+0 -22598-3 0  9990
2 48790  87.9010 260.5625 0001660 100.4345 259.6972 13.15546804243535
ONEWEB-0212             
1 48791U 21045AA  26161.51685955  .00000026  00000+0  34583-4 0  9995
2 48791  87.9011 260.5158 0001996 101.9865 258.1489 13.15550339243550
ONEWEB-0227             
1 48792U 21045AB  26161.51606985  .00000046  00000+0  87561-4 0  9998
2 48792  87.9009 260.5169 0001893 102.8089 257.3253 13.15549059243506
ONEWEB-0226             
1 48793U 21045AC  26161.50972311  .00000089  00000+0  20207-3 0  9997
2 48793  87.9007 260.5231 0001696  97.4822 262.6501 13.15550282243471
ONEWEB-0224             
1 48794U 21045AD  26161.32115179 -.00000237  00000+0 -66296-3 0  9994
2 48794  87.8998 260.5949 0002121 126.1844 233.9483 13.15548538243374
ONEWEB-0233             
1 48795U 21045AE  26161.32578418  .00000066  00000+0  14194-3 0  9992
2 48795  87.8998 260.6017 0001701 106.7711 253.3606 13.15548024243397
ONEWEB-0190             
1 48796U 21045AF  26161.31322763 -.00000209  00000+0 -58931-3 0  9990
2 48796  87.9002 260.5659 0001258 104.0385 256.0885 13.15547073243461
ONEWEB-0236             
1 48797U 21045AG  26161.33067900  .00000157  00000+0  38246-3 0  9999
2 48797  87.8998 260.5725 0002093 103.1336 257.0028 13.15548205243359
ONEWEB-0248             
1 48798U 21045AH  26161.26728618  .00000182  00000+0  45024-3 0  9992
2 48798  87.9010 260.5680 0001618 113.0767 247.0534 13.15547204243502
ONEWEB-0225             
1 48799U 21045AJ  26161.51765617 -.00000004  00000+0 -43522-4 0  9998
2 48799  87.9008 260.5263 0001382 104.1941 255.9343 13.15548960243540
ONEWEB-0215             
1 48800U 21045AK  26161.33541112 -.00000169  00000+0 -48220-3 0  9994
2 48800  87.9011 260.5448 0001285 112.6489 247.4777 13.15547981243397
ONEWEB-0216             
1 48801U 21045AL  26161.26888751  .00000155  00000+0  37749-3 0  9997
2 48801  87.9008 260.5732 0001982  98.9703 261.1652 13.15548606243399
ONEWEB-0239             
1 48802U 21045AM  26161.50180731  .00000197  00000+0  49033-3 0  9993
2 48802  87.8999 260.5337 0001434 123.0504 237.0764 13.15548406243462
ONEWEB-0249             
1 48967U 21060A   26161.44116036 -.00000002  00000+0 -39863-4 0  9990
2 48967  87.9102 230.1177 0002021 102.1474 257.9884 13.16595256238726
ONEWEB-0250             
1 48968U 21060B   26161.43996821  .00000031  00000+0  40895-4 0  9995
2 48968  87.9100 227.8962 0002628 119.6580 240.4818 13.25833584239324
ONEWEB-0252             
1 48970U 21060D   26161.47203105  .00000078  00000+0  17152-3 0  9998
2 48970  87.9101 230.1036 0001959  92.2930 267.8426 13.16593423238779
ONEWEB-0253             
1 48971U 21060E   26161.46094755 -.00000025  00000+0 -99763-4 0  9990
2 48971  87.9100 230.1114 0002035 102.4695 257.6664 13.16593354238701
ONEWEB-0254             
1 48972U 21060F   26161.16646429  .00000082  00000+0  18068-3 0  9998
2 48972  87.9102 230.1671 0001810 106.2333 253.8997 13.16593876238664
ONEWEB-0255             
1 48973U 21060G   26161.43245389  .00000026  00000+0  34908-4 0  9999
2 48973  87.9100 230.1211 0001883 101.3546 258.7797 13.16594934238775
ONEWEB-0256             
1 48974U 21060H   26161.45856491  .00000006  00000+0 -18842-4 0  9992
2 48974  87.9092 230.1203 0002125  96.1132 264.0241 13.16593319238746
ONEWEB-0257             
1 48975U 21060J   26161.49102975  .00000064  00000+0  13352-3 0  9991
2 48975  87.9101 230.1008 0001897  97.3556 262.7790 13.16594311238702
ONEWEB-0258             
1 48976U 21060K   26161.41661831  .00000086  00000+0  19061-3 0  9992
2 48976  87.9102 230.1273 0002036 100.6272 259.5089 13.16594023238702
ONEWEB-0259             
1 48977U 21060L   26161.48628594  .00000080  00000+0  17614-3 0  9995
2 48977  87.9100 230.1129 0001976 103.9588 256.1763 13.16594372238742
ONEWEB-0260             
1 48978U 21060M   26161.47756870  .00000083  00000+0  18324-3 0  9996
2 48978  87.9094 230.1166 0002072  87.6059 272.5309 13.16593850238721
ONEWEB-0261             
1 48979U 21060N   26161.44747764 -.00000070  00000+0 -21797-3 0  9992
2 48979  87.9096 230.1222 0001701  97.3016 262.8308 13.16596059238776
ONEWEB-0262             
1 48980U 21060P   26161.42770242  .00000043  00000+0  77943-4 0  9992
2 48980  87.9100 230.1120 0001975 107.0643 253.0704 13.16594580238734
ONEWEB-0263             
1 48981U 21060Q   26161.45936647 -.00000015  00000+0 -72638-4 0  9996
2 48981  87.9098 230.1174 0001703 101.6419 258.4903 13.16594365238708
ONEWEB-0264             
1 48982U 21060R   26161.42058273  .00000115  00000+0  26657-3 0  9992
2 48982  87.9100 230.1281 0001870  94.2046 265.9299 13.16594365238701
ONEWEB-0266             
1 48984U 21060T   26161.44195003  .00000003  00000+0 -24766-4 0  9996
2 48984  87.9102 230.1144 0002130  99.8054 260.3318 13.16594080238696
ONEWEB-0267             
1 48985U 21060U   26161.22504463 -.00000055  00000+0 -17777-3 0  9998
2 48985  87.9100 230.1539 0001833  97.4256 262.7084 13.16594219238678
ONEWEB-0268             
1 48986U 21060V   26161.42136120  .00000072  00000+0  15458-3 0  9993
2 48986  87.9104 230.1246 0002063  95.2401 264.8966 13.16595602238963
ONEWEB-0269             
1 48987U 21060W   26161.47836676  .00000113  00000+0  26314-3 0  9991
2 48987  87.9090 230.1165 0002204  95.3879 264.7504 13.16594188238746
ONEWEB-0270             
1 48988U 21060X   26161.41978760  .00000080  00000+0  17572-3 0  9996
2 48988  87.9102 230.1267 0001749 106.4346 253.6977 13.16594338238771
ONEWEB-0271             
1 48989U 21060Y   26161.48311797  .00000089  00000+0  19925-3 0  9998
2 48989  87.9100 230.1043 0001772  99.8312 260.3019 13.16594021238788
ONEWEB-0272             
1 48990U 21060Z   26161.42926880 -.00000138  00000+0 -39386-3 0  9999
2 48990  87.9102 230.1267 0001900  90.5233 269.6115 13.16593867238723
ONEWEB-0273             
1 48991U 21060AA  26161.45145171  .00000022  00000+0  23819-4 0  9994
2 48991  87.9104 230.1214 0001918 100.9241 259.2106 13.16594459238703
ONEWEB-0274             
1 48992U 21060AB  26161.47677532  .00000089  00000+0  19807-3 0  9992
2 48992  87.9090 230.1196 0002006  89.4690 270.6670 13.16593474238748
ONEWEB-0275             
1 48993U 21060AC  26161.46570367  .00000037  00000+0  63442-4 0  9998
2 48993  87.9099 230.1101 0001974  96.4673 263.6683 13.16594128238671
ONEWEB-0276             
1 48994U 21060AD  26161.42295009  .00000054  00000+0  10810-3 0  9991
2 48994  87.9100 230.1181 0002003  94.0208 266.1152 13.16594046238684
ONEWEB-0277             
1 48995U 21060AE  26161.43562209  .00000002  00000+0 -29404-4 0  9996
2 48995  87.9094 230.1247 0001886 100.8267 259.3077 13.16593694238676
ONEWEB-0278             
1 48996U 21060AF  26161.42610034  .00000066  00000+0  14031-3 0  9994
2 48996  87.9104 230.1164 0002244 101.8633 258.2749 13.16596997238802
ONEWEB-0279             
1 48997U 21060AG  26161.43403618 -.00000002  00000+0 -37690-4 0  9993
2 48997  87.9100 230.1130 0001805  95.5435 264.5902 13.16594668238739
ONEWEB-0280             
1 48998U 21060AH  26161.44906588 -.00000063  00000+0 -19921-3 0  9992
2 48998  87.9099 230.1144 0002031 108.2394 251.8958 13.16593689238675
ONEWEB-0281             
1 48999U 21060AJ  26161.45461971  .00000007  00000+0 -16079-4 0  9995
2 48999  87.9099 230.1083 0002115  99.5187 260.6183 13.16594912238749
ONEWEB-0282             
1 49000U 21060AK  26161.48467985  .00000098  00000+0  22365-3 0  9996
2 49000  87.9099 230.1110 0001908 101.6183 258.5162 13.16597029238727
ONEWEB-0283             
1 49001U 21060AL  26161.47361323  .00000038  00000+0  65910-4 0  9993
2 49001  87.9099 230.1127 0001866  97.0270 263.1073 13.16593676238732
ONEWEB-0284             
1 49002U 21060AM  26161.46728617  .00000010  00000+0 -74691-5 0  9994
2 49002  87.9101 230.1071 0002154 107.3517 252.7850 13.16593929238711
ONEWEB-0285             
1 49075U 21075A   26161.50387278  .00000233  00000+0  61176-3 0  9997
2 49075  87.8948 351.9914 0001757  90.3316 269.8013 13.12444656234335
ONEWEB-0286             
1 49076U 21075B   26161.48593918 -.00000317  00000+0 -91678-3 0  9990
2 49076  87.8936 352.0124 0002023  87.2390 272.8970 13.12443487233686
ONEWEB-0287             
1 49077U 21075C   26161.48426843  .00000055  00000+0  10830-3 0  9991
2 49077  87.9137   7.1992 0002284  88.7651 271.3742 13.17649111232741
ONEWEB-0288             
1 49078U 21075D   26161.23365064 -.00000107  00000+0 -33410-3 0  9991
2 49078  87.8947 352.0383 0002004  92.6989 267.4368 13.12442122234272
ONEWEB-0289             
1 49079U 21075E   26161.52294473  .00000014  00000+0  40958-5 0  9991
2 49079  87.9141   7.2084 0001750  99.4332 260.6997 13.17649322233325
ONEWEB-0290             
1 49080U 21075F   26161.49608572  .00000044  00000+0  81165-4 0  9995
2 49080  87.9146   7.1853 0001663 103.4710 256.6607 13.17648319232736
ONEWEB-0291             
1 49081U 21075G   26161.48089779  .00000039  00000+0  68406-4 0  9994
2 49081  87.9140   7.1965 0002140  95.0354 265.1022 13.17648254232729
ONEWEB-0293             
1 49082U 21075H   26161.50619937  .00000032  00000+0  49816-4 0  9990
2 49082  87.9137   7.1944 0001829  91.9198 268.2143 13.17648102232750
ONEWEB-0294             
1 49083U 21075J   26161.24042719 -.00000292  00000+0 -84818-3 0  9990
2 49083  87.8947 352.0405 0001709  99.8438 260.2884 13.12442985233665
ONEWEB-0295             
1 49084U 21075K   26161.50535947  .00000075  00000+0  16019-3 0  9995
2 49084  87.9136   7.1987 0002144  91.0270 269.1107 13.17647877232715
ONEWEB-0296             
1 49085U 21075L   26161.52505005  .00000392  00000+0  10550-2 0  9995
2 49085  87.8951 351.9912 0002093  95.1735 264.9632 13.12442639233702
ONEWEB-0297             
1 49086U 21075M   26161.47929909 -.00000354  00000+0 -10208-2 0  9993
2 49086  87.8936 352.0117 0001923  89.9227 270.2122 13.12443642234309
ONEWEB-0298             
1 49087U 21075N   26161.50971391  .00000021  00000+0  21640-4 0  9993
2 49087  87.9138   7.1959 0001931  84.0953 276.0398 13.17647682232748
ONEWEB-0299             
1 49088U 21075P   26161.51127435  .00000071  00000+0  14888-3 0  9997
2 49088  87.9148   7.1750 0002024  86.7071 273.4292 13.17649245232722
ONEWEB-0300             
1 49089U 21075Q   26161.24296229 -.00000397  00000+0 -11399-2 0  9992
2 49089  87.8948 352.0375 0001940  78.2429 281.8917 13.12443871234297
ONEWEB-0301             
1 49090U 21075R   26161.53182243  .00000217  00000+0  56705-3 0  9996
2 49090  87.8946 351.9786 0001771  78.2017 281.9310 13.12443371233692
ONEWEB-0302             
1 49091U 21075S   26161.51827762  .00000469  00000+0  12681-2 0  9990
2 49091  87.8950 351.9930 0001838  99.2035 260.9302 13.12442894233671
ONEWEB-0304             
1 49092U 21075T   26161.48595671  .00000066  00000+0  13623-3 0  9999
2 49092  87.9138   7.2033 0002015  89.1327 271.0035 13.17648773232692
ONEWEB-0305             
1 49093U 21075U   26161.47920869  .00000047  00000+0  88207-4 0  9990
2 49093  87.9145   7.1888 0002256  88.5723 271.5667 13.17648578232721
ONEWEB-0308             
1 49094U 21075V   26161.51149850  .00000402  00000+0  10826-2 0  9994
2 49094  87.8948 351.9866 0001799  89.3060 270.8275 13.12443701233681
ONEWEB-0309             
1 49095U 21075W   26161.48257719  .00000067  00000+0  13893-3 0  9990
2 49095  87.9137   7.1971 0001811 102.3355 257.7979 13.17647959232699
ONEWEB-0310             
1 49096U 21075X   26161.52674198  .00000382  00000+0  10271-2 0  9996
2 49096  87.8938 352.0056 0001782  89.8998 270.2335 13.12443004234310
ONEWEB-0311             
1 49097U 21075Y   26161.48934119  .00000069  00000+0  14545-3 0  9995
2 49097  87.9139   7.1951 0002295  84.1771 275.9622 13.17649670232742
ONEWEB-0312             
1 49098U 21075Z   26161.50455071 -.00001184  00000+0 -30831-2 0  9990
2 49098  87.9134   7.2029 0001943  93.0857 267.0497 13.17636230232726
ONEWEB-0313             
1 49099U 21075AA  26161.50943939  .00000068  00000+0  14152-3 0  9993
2 49099  87.9134   7.2077 0001990  86.6932 273.4428 13.17648168232711
ONEWEB-0314             
1 49100U 21075AB  26161.47584131  .00000015  00000+0  60207-5 0  9993
2 49100  87.9145   7.1865 0002186  93.0270 267.1112 13.17648076232689
ONEWEB-0315             
1 49101U 21075AC  26161.49963639  .00000078  00000+0  18155-3 0  9992
2 49101  87.8949 351.9747 0002148  83.4272 276.7101 13.12444290234293
ONEWEB-0316             
1 49102U 21075AD  26161.48168617  .00000027  00000+0  34636-4 0  9992
2 49102  87.9156 336.7908 0001897  90.8356 269.2994 13.18686401236321
ONEWEB-0317             
1 49103U 21075AE  26161.50302628  .00000216  00000+0  56427-3 0  9999
2 49103  87.8950 351.9976 0001314 109.7801 250.3469 13.12444445234315
ONEWEB-0318             
1 49104U 21075AF  26161.47831275  .00000083  00000+0  17854-3 0  9994
2 49104  87.9167 336.7925 0002051  87.0839 273.0528 13.18685847236285
ONEWEB-0319             
1 49105U 21075AG  26161.49102001  .00000060  00000+0  12259-3 0  9994
2 49105  87.9136   7.2003 0002305  79.0206 281.1185 13.17648635232727
ONEWEB-0323             
1 49106U 21075AH  26161.48438473 -.00000317  00000+0 -91662-3 0  9991
2 49106  87.8947 351.9826 0002373  85.3032 274.8368 13.12443727233678
ONEWEB-0329             
1 49107U 21075AJ  26161.49945758  .00000032  00000+0  48775-4 0  9992
2 49107  87.9137   7.1994 0002000  89.0459 271.0902 13.17648590232704
ONEWEB-0330             
1 49108U 21075AK  26161.52323325 -.00000040  00000+0 -13500-3 0  9995
2 49108  87.9139   7.2148 0001993  93.3249 266.8111 13.17648905232742
ONEWEB-0292             
1 49186U 21083A   26161.15721641 -.00000263  00000+0 -75592-3 0  9998
2 49186  87.8940 321.6387 0001959  91.0881 269.0473 13.13469571230003
ONEWEB-0303             
1 49187U 21083B   26161.01968387 -.00000026  00000+0 -98338-4 0  9995
2 49187  87.9161 336.8829 0002001  89.1687 270.9674 13.18686598229030
ONEWEB-0306             
1 49188U 21083C   26161.23719286  .00000058  00000+0  11427-3 0  9998
2 49188  87.9167 336.8271 0001675  96.5740 263.5583 13.18686282229101
ONEWEB-0307             
1 49189U 21083D   26161.15129692 -.00000115  00000+0 -35000-3 0  9995
2 49189  87.8950 321.6366 0001939  94.1521 265.9830 13.13469052230003
ONEWEB-0320             
1 49190U 21083E   26161.48504674  .00000033  00000+0  50854-4 0  9992
2 49190  87.9157 336.7965 0001792  92.2797 267.8540 13.18685576229090
ONEWEB-0321             
1 49191U 21083F   26161.30718103  .00000009  00000+0 -95347-5 0  9999
2 49191  87.9190 275.8060 0001721 105.8046 254.3277 13.20771932235929
ONEWEB-0322             
1 49192U 21083G   26161.14706273 -.00000023  00000+0 -98759-4 0  9993
2 49192  87.8947 321.6379 0001363  93.3522 266.7763 13.13469260229991
ONEWEB-0324             
1 49193U 21083H   26161.23043646  .00000043  00000+0  76431-4 0  9995
2 49193  87.9167 336.8338 0001919  97.4654 262.6696 13.18684291229086
ONEWEB-0325             
1 49194U 21083J   26161.23381582  .00000023  00000+0  25632-4 0  9995
2 49194  87.9159 336.8422 0001825  89.0135 271.1206 13.18685012229094
ONEWEB-0326             
1 49195U 21083K   26161.47675854  .00000075  00000+0  15654-3 0  9999
2 49195  87.9166 336.7910 0002053  86.0587 274.0780 13.18684884229114
ONEWEB-0327             
1 49196U 21083L   26161.47647686 -.00000073  00000+0 -21781-3 0  9990
2 49196  87.9158 336.7959 0002046  80.8621 279.2743 13.18685174229133
ONEWEB-0328             
1 49197U 21083M   26161.51779568  .00000308  00000+0  80802-3 0  9999
2 49197  87.8957 321.5367 0001887  98.7640 261.3703 13.13469255230029
ONEWEB-0331             
1 49198U 21083N   26161.24224751  .00000636  00000+0  15814-2 0  9993
2 49198  87.9164 336.8315 0002179  88.8560 271.2821 13.18690633229096
ONEWEB-0333             
1 49199U 21083P   26161.51271560  .00000411  00000+0  10915-2 0  9992
2 49199  87.8947 321.5646 0001808  93.4269 266.7066 13.13469341230030
ONEWEB-0334             
1 49200U 21083Q   26161.32484704  .00000058  00000+0  10967-3 0  9995
2 49200  87.9186 275.8144 0001047 113.4000 246.7244 13.20773177235881
ONEWEB-0335             
1 49201U 21083R   26160.97439935  .00000351  00000+0  92518-3 0  9990
2 49201  87.8948 321.6689 0002002  93.3050 266.8308 13.13470056229973
ONEWEB-0336             
1 49202U 21083S   26161.47885251 -.00000160  00000+0 -47301-3 0  9993
2 49202  87.8948 321.5640 0002263  94.8662 265.2725 13.13470521230036
ONEWEB-0337             
1 49203U 21083T   26161.48887852  .00000020  00000+0  18893-4 0  9992
2 49203  87.8944 321.5681 0001991  98.4193 261.7162 13.13470756230030
ONEWEB-0338             
1 49204U 21083U   26161.29875234  .00001494  00000+0  36413-2 0  9995
2 49204  87.9182 275.8220 0001693 104.3184 255.8138 13.20776943235905
ONEWEB-0339             
1 49205U 21083V   26161.49747701  .00000266  00000+0  69458-3 0  9997
2 49205  87.8946 321.5588 0001565 100.6395 259.4910 13.13471106230010
ONEWEB-0340             
1 49206U 21083W   26161.22876286  .00000011  00000+0 -46936-5 0  9997
2 49206  87.9168 336.8399 0001950  94.9219 265.2136 13.18685089229054
ONEWEB-0341             
1 49207U 21083X   26161.23551036  .00000031  00000+0  45817-4 0  9999
2 49207  87.9161 336.8422 0002131 104.3637 255.7732 13.18685311229073
ONEWEB-0342             
1 49208U 21083Y   26161.30548862  .00000008  00000+0 -12347-4 0  9998
2 49208  87.9191 275.8083 0001860 102.3981 257.7361 13.20770635235872
ONEWEB-0343             
1 49209U 21083Z   26161.24394546  .00000048  00000+0  89717-4 0  9998
2 49209  87.9164 336.8391 0001512 101.1545 258.9757 13.18685942229126
ONEWEB-0344             
1 49210U 21083AA  26161.49239613  .00000132  00000+0  32657-3 0  9994
2 49210  87.8937 321.5747 0002049 104.2317 255.9040 13.13472587230014
ONEWEB-0345             
1 49211U 21083AB  26161.48392792 -.00000060  00000+0 -19868-3 0  9993
2 49211  87.8957 321.5562 0001992 103.7885 256.3465 13.13471133230025
ONEWEB-0346             
1 49212U 21083AC  26161.24056875  .00000019  00000+0  15510-4 0  9990
2 49212  87.9158 336.8404 0002421  83.8068 276.3340 13.18685072229063
ONEWEB-0348             
1 49213U 21083AD  26161.29538488 -.00000003  00000+0 -39232-4 0  9993
2 49213  87.9194 275.8141 0002478 100.2323 259.9089 13.20770169235906
ONEWEB-0350             
1 49214U 21083AE  26161.49790521  .00000222  00000+0  57741-3 0  9999
2 49214  87.8954 321.5570 0002033 100.4125 259.7233 13.12943659230051
ONEWEB-0351             
1 49215U 21083AF  26161.28850293  .00000043  00000+0  74729-4 0  9997
2 49215  87.9193 275.8141 0001734 127.4384 232.6907 13.20769853235869
ONEWEB-0352             
1 49216U 21083AG  26161.16906617 -.00000324  00000+0 -92324-3 0  9991
2 49216  87.8948 321.6306 0001521 105.5778 254.5519 13.13470549230105
ONEWEB-0354             
1 49217U 21083AH  26161.31559623  .00000044  00000+0  75608-4 0  9994
2 49217  87.9190 275.8076 0002358 103.6153 256.5243 13.20772785235909
ONEWEB-0355             
1 49218U 21083AJ  26161.19798816  .00000301  00000+0  78903-3 0  9996
2 49218  87.8943 321.6263 0001794 102.8555 257.2775 13.13469704229988
ONEWEB-0357             
1 49219U 21083AK  26161.31222775 -.00000005  00000+0 -44295-4 0  9998
2 49219  87.9191 275.8026 0001847 106.2539 253.8797 13.20772191235901
ONEWEB-0332             
1 49279U 21090A   26161.29190417 -.00000152  00000+0 -44581-3 0  9996
2 49279  87.8960 291.0835 0001652  98.2561 261.8757 13.14501771226673
ONEWEB-0347             
1 49280U 21090B   26161.30212241 -.00000006  00000+0 -46359-4 0  9994
2 49280  87.9191 275.8127 0001729  97.6365 262.4965 13.20770878230133
ONEWEB-0349             
1 49281U 21090C   26161.33411654  .00000125  00000+0  27536-3 0  9992
2 49281  87.9190 275.8068 0001973 101.7138 258.4216 13.20771947228929
ONEWEB-0353             
1 49282U 21090D   26161.28399257  .00000183  00000+0  45805-3 0  9994
2 49282  87.8963 291.0806 0001641  96.9548 263.1769 13.14502868226672
ONEWEB-0356             
1 49283U 21090E   26161.33243105  .00000061  00000+0  11799-3 0  9991
2 49283  87.9189 275.8004 0002273  80.2728 279.8662 13.20772996228926
ONEWEB-0358             
1 49284U 21090F   26161.28682152 -.00031730  00000+0 -78766-1 0  9999
2 49284  87.9185 275.8140 0002219  92.6572 267.4815 13.20407961229648
ONEWEB-0359             
1 49285U 21090G   26161.28360813  .00000079  00000+0  16145-3 0  9992
2 49285  87.9190 275.8101 0002259 102.0011 258.1376 13.20772922229629
ONEWEB-0360             
1 49286U 21090H   26161.27350897  .00001413  00000+0  34422-2 0  9993
2 49286  87.9189 275.8184 0002100 102.7986 257.3382 13.20767638228931
ONEWEB-0361             
1 49287U 21090J   26161.33073663  .00000074  00000+0  14960-3 0  9992
2 49287  87.9191 275.8053 0002091  99.5365 260.6005 13.20770835229396
ONEWEB-0362             
1 49288U 21090K   26161.12625829  .00000021  00000+0  19078-4 0  9995
2 49288  87.9163 306.3851 0001803 106.1810 253.9521 13.19724096225987
ONEWEB-0363             
1 49289U 21090L   26161.34588348  .00000066  00000+0  12944-3 0  9997
2 49289  87.9192 275.8027 0002118  92.3488 267.7887 13.20770286229405
ONEWEB-0364             
1 49290U 21090M   26161.30885398 -.00000007  00000+0 -48705-4 0  9992
2 49290  87.9186 275.8181 0001965 101.2089 258.9265 13.20770923230533
ONEWEB-0365             
1 49291U 21090N   26161.13574101 -.00000017  00000+0 -73572-4 0  9992
2 49291  87.9172 306.3713 0001774  98.9249 261.2085 13.19724463225490
ONEWEB-0366             
1 49292U 21090P   26161.28081808  .00000219  00000+0  55645-3 0  9998
2 49292  87.8958 291.0833 0001933 100.3242 259.8106 13.14502276226650
ONEWEB-0367             
1 49293U 21090Q   26161.34505844 -.00000457  00000+0 -11558-2 0  9997
2 49293  87.9194 275.8045 0002017 104.7149 255.4208 13.20785625228922
ONEWEB-0368             
1 49294U 21090R   26161.31894294 -.00000008  00000+0 -52003-4 0  9999
2 49294  87.9179 275.8203 0001586  79.6946 280.4366 13.20769674230075
ONEWEB-0369             
1 49295U 21090S   26161.13100637 -.00000013  00000+0 -65461-4 0  9999
2 49295  87.9162 306.3804 0001785  96.2186 263.9150 13.19724343225485
ONEWEB-0370             
1 49296U 21090T   26161.05127394 -.00000023  00000+0 -89380-4 0  9997
2 49296  87.9191 275.8622 0002123 107.4376 252.6990 13.20770424228921
ONEWEB-0371             
1 49297U 21090U   26161.13889590  .00000002  00000+0 -28482-4 0  9992
2 49297  87.9170 306.3706 0001805 100.7931 259.3405 13.19723870225520
ONEWEB-0372             
1 49298U 21090V   26161.34406433  .00000084  00000+0  17383-3 0  9993
2 49298  87.9192 275.8055 0001921 101.2345 258.9004 13.20771302228939
ONEWEB-0373             
1 49299U 21090W   26161.29370484 -.00000021  00000+0 -83255-4 0  9999
2 49299  87.9189 275.8160 0002036 100.7685 259.3677 13.20770607230113
ONEWEB-0374             
1 49300U 21090X   26161.34425273  .00000260  00000+0  66802-3 0  9996
2 49300  87.8961 291.0612 0002273  87.3683 272.7707 13.14503050226663
ONEWEB-0375             
1 49301U 21090Y   26161.28192606  .00000132  00000+0  29230-3 0  9993
2 49301  87.9190 275.8099 0002394  90.5649 269.5759 13.20770780229612
ONEWEB-0376             
1 49302U 21090Z   26161.13731884 -.00000010  00000+0 -58440-4 0  9998
2 49302  87.9173 306.3707 0001668  98.5478 261.5844 13.19724568225525
ONEWEB-0377             
1 49303U 21090AA  26161.34435483  .00000093  00000+0  19747-3 0  9993
2 49303  87.9191 275.7995 0002179 100.3555 259.7824 13.20772464229611
ONEWEB-0378             
1 49304U 21090AB  26161.28878356  .00000039  00000+0  62944-4 0  9995
2 49304  87.9187 275.8158 0002000  96.3364 263.7997 13.20769886228871
ONEWEB-0379             
1 49305U 21090AC  26161.33948972  .00000122  00000+0  29541-3 0  9992
2 49305  87.8959 291.0730 0001916  95.9059 264.2289 13.14501999226662
ONEWEB-0380             
1 49306U 21090AD  26161.13416835  .00000012  00000+0 -36260-5 0  9996
2 49306  87.9164 306.3771 0002064  97.8810 262.2557 13.19724357225494
ONEWEB-0381             
1 49307U 21090AE  26161.34084853  .00000104  00000+0  22446-3 0  9991
2 49307  87.9192 275.8047 0002124  94.1658 265.9719 13.20771841228922
ONEWEB-0382             
1 49308U 21090AF  26161.32736035  .00000053  00000+0  98590-4 0  9993
2 49308  87.9189 275.8016 0002049  92.1544 267.9824 13.20769835228911
ONEWEB-0383             
1 49309U 21090AG  26161.10477468 -.00000232  00000+0 -66073-3 0  9993
2 49309  87.8963 291.1109 0001840  95.1936 264.9404 13.14502977226667
ONEWEB-0384             
1 49310U 21090AH  26161.31622373  .00000026  00000+0  32894-4 0  9999
2 49310  87.9193 275.8475 0002058  87.2332 272.9036 13.20812038228924
ONEWEB-0385             
1 49311U 21090AJ  26161.32064721  .00000001  00000+0 -30172-4 0  9999
2 49311  87.9189 275.8084 0002032  95.1023 265.0342 13.20772037228896
ONEWEB-0386             
1 49312U 21090AK  26161.33748032  .00000115  00000+0  25182-3 0  9994
2 49312  87.9194 275.7956 0001983  92.7389 267.3971 13.20771787228919
ONEWEB-0387             
1 49313U 21090AL  26161.32232988  .00000059  00000+0  11272-3 0  9994
2 49313  87.9179 275.8217 0002307  98.3316 261.8079 13.20772131228919
ONEWEB-0388             
1 49314U 21090AM  26161.12943057  .00000036  00000+0  57661-4 0  9997
2 49314  87.9163 306.3762 0001904  93.3068 266.8282 13.19724403225486
ONEWEB-0389             
1 50469U 21132A   26161.51633201  .00000012  00000+0 -12123-5 0  9997
2 50469  87.9137   7.1954 0002185  83.0612 277.0768 13.17648200217204
ONEWEB-0390             
1 50470U 21132B   26161.51801912  .00000043  00000+0  78229-4 0  9996
2 50470  87.9136   7.1958 0001910  93.1185 267.0165 13.17648219217201
ONEWEB-0391             
1 50471U 21132C   26161.51970777  .00000026  00000+0  35025-4 0  9991
2 50471  87.9138   7.2052 0002686  89.5487 270.5952 13.17648032217201
ONEWEB-0392             
1 50472U 21132D   26161.47415374  .00000065  00000+0  13491-3 0  9999
2 50472  87.9146   7.1822 0002250  85.0740 275.0648 13.17648353217236
ONEWEB-0393             
1 50473U 21132E   26161.52561813  .00000000  00000+0 -31920-4 0  9994
2 50473  87.9137   7.1897 0002036  85.5514 274.5850 13.17649373217237
ONEWEB-0394             
1 50474U 21132F   26161.49684537  .00000053  00000+0  10185-3 0  9996
2 50474  87.9168 336.7731 0002024  87.3517 272.7846 13.18684979220714
ONEWEB-0395             
1 50475U 21132G   26161.52923377  .00000518  00000+0  14270-2 0  9993
2 50475  87.8888  22.3932 0001973  88.4881 271.6473 13.11416491214848
ONEWEB-0396             
1 50476U 21132H   26161.49009995 -.00000005  00000+0 -44630-4 0  9999
2 50476  87.9168 336.7872 0001969  87.3750 272.7607 13.18684786220753
ONEWEB-0397             
1 50477U 21132J   26161.50527968  .00000061  00000+0  12141-3 0  9998
2 50477  87.9168 336.7839 0001923  83.8598 276.2753 13.18684888220730
ONEWEB-0398             
1 50478U 21132K   26161.34440287 -.00000537  00000+0 -15515-2 0  9996
2 50478  87.8900  22.4198 0001855  94.1251 266.0089 13.11418358214716
ONEWEB-0399             
1 50479U 21132L   26161.33084353 -.00000677  00000+0 -19471-2 0  9994
2 50479  87.8899  22.4329 0002240  76.8300 283.3078 13.11416197214709
ONEWEB-0400             
1 50480U 21132M   26161.48336244  .00000059  00000+0  11714-3 0  9996
2 50480  87.9167 336.7784 0001866  97.0376 263.0969 13.18685339220723
ONEWEB-0401             
1 50481U 21132N   26161.22537801  .00000097  00000+0  21254-3 0  9993
2 50481  87.9169 336.8269 0001695  84.9650 275.1675 13.18684095220697
ONEWEB-0402             
1 50482U 21132P   26161.49180145  .00000018  00000+0  14114-4 0  9999
2 50482  87.9167 336.7632 0001644  76.1091 284.0224 13.18685581220752
ONEWEB-0403             
1 50483U 21132Q   26161.51708059  .00000057  00000+0  11189-3 0  9994
2 50483  87.9169 336.7826 0001999  90.4303 269.7058 13.18684791220711
ONEWEB-0404             
1 50484U 21132R   26161.15961221  .00000056  00000+0  12356-3 0  9993
2 50484  87.8894  22.4660 0002137  84.4554 275.6817 13.11415017214771
ONEWEB-0405             
1 50485U 21132S   26161.22707655  .00000032  00000+0  47793-4 0  9999
2 50485  87.9170 336.8246 0001902 105.5185 254.6157 13.18686074221071
ONEWEB-0406             
1 50486U 21132T   26161.52214191  .00000089  00000+0  19304-3 0  9999
2 50486  87.9163 336.7827 0002398  88.9719 271.1688 13.18685081220748
ONEWEB-0407             
1 50487U 21132U   26161.51540343  .00000090  00000+0  19461-3 0  9996
2 50487  87.9168 336.7759 0001630  92.3002 267.8317 13.18684971220681
ONEWEB-0409             
1 50488U 21132V   26161.15791219  .00000159  00000+0  41275-3 0  9991
2 50488  87.8898  22.4541 0002086  87.2949 272.8417 13.11415884214664
ONEWEB-0412             
1 50489U 21132W   26161.50358972  .00000073  00000+0  15141-3 0  9994
2 50489  87.9165 336.7865 0001714  82.1492 277.9834 13.18684794220770
ONEWEB-0413             
1 50490U 21132X   26161.50865566  .00000387  00000+0  94766-3 0  9996
2 50490  87.9157 336.7847 0001559  85.4978 274.6333 13.18683760220719
ONEWEB-0414             
1 50491U 21132Y   26161.49347948  .00000037  00000+0  61690-4 0  9997
2 50491  87.9167 336.7691 0001862  85.7110 274.4235 13.18685298220746
ONEWEB-0417             
1 50492U 21132Z   26161.50190897  .00000070  00000+0  14438-3 0  9993
2 50492  87.9159 336.7875 0002080  91.4941 268.6429 13.18685255220722
ONEWEB-0418             
1 50493U 21132AA  26161.20839177 -.00000019  00000+0 -80352-4 0  9996
2 50493  87.9168 336.8453 0002143  92.4387 267.6990 13.18684534220744
ONEWEB-0419             
1 50494U 21132AB  26161.53038686  .00000056  00000+0  10993-3 0  9991
2 50494  87.9168 336.7807 0002068  97.3504 262.7863 13.18665341220704
ONEWEB-0420             
1 50495U 21132AC  26161.49516314  .00000031  00000+0  46773-4 0  9995
2 50495  87.9157 336.7910 0001634  92.6681 267.4638 13.18685731220695
ONEWEB-0421             
1 50496U 21132AD  26161.48841468  .00000050  00000+0  93801-4 0  9991
2 50496  87.9163 336.7898 0001892  79.3825 280.7520 13.18684797220730
ONEWEB-0424             
1 50497U 21132AE  26161.52551426  .00000104  00000+0  22993-3 0  9992
2 50497  87.9166 336.7804 0002005 101.5579 258.5778 13.18685062220769
ONEWEB-0426             
1 50498U 21132AF  26161.48420605  .00000074  00000+0  15392-3 0  9993
2 50498  87.9166 336.7795 0002391  79.5239 280.6163 13.18688711220706
ONEWEB-0427             
1 50499U 21132AG  26161.52382869  .00000089  00000+0  19179-3 0  9991
2 50499  87.9168 336.7604 0002069  90.4967 269.6402 13.18684697220735
ONEWEB-0429             
1 50500U 21132AH  26161.51034103  .00000081  00000+0  17340-3 0  9998
2 50500  87.9161 336.7881 0001727  91.5283 268.6047 13.18685568220700
ONEWEB-0430             
1 50501U 21132AJ  26161.49853613  .00000045  00000+0  81560-4 0  9997
2 50501  87.9161 336.7886 0001722  98.9429 261.1898 13.18686079220748
ONEWEB-0432             
1 50502U 21132AK  26161.50002315 -.00002672  00000+0 -69658-2 0  9997
2 50502  87.9178 336.7603 0002070 111.1444  87.4299 13.17165258  5099
ONEWEB-0440             
1 50503U 21132AL  26161.51876740  .00000097  00000+0  21317-3 0  9998
2 50503  87.9170 336.7803 0001650  82.8042 277.3278 13.18685134220698
ONEWEB-0450             
1 50504U 21132AM  26160.98103391  .00000064  00000+0  12859-3 0  9999
2 50504  87.9156 336.8933 0001656  93.3933 266.7389 13.18685437220657
ONEWEB-0410             
1 51622U 22012A   26161.07927676  .00000007  00000+0 -15588-4 0  9991
2 51622  87.9146   7.2706 0003162  80.7151 279.4338 13.17647907212768
ONEWEB-0411             
1 51623U 22012B   26161.21716375 -.00000531  00000+0 -15566-2 0  9997
2 51623  87.8845  37.6545 0001533  98.5411 261.5890 13.10371318208378
ONEWEB-0415             
1 51624U 22012C   26161.36656637 -.00000517  00000+0 -15164-2 0  9996
2 51624  87.8839  37.6241 0001770  90.1982 269.9348 13.10370311208393
ONEWEB-0416             
1 51625U 22012D   26161.37818934 -.00000646  00000+0 -18877-2 0  9995
2 51625  87.8837  37.6402 0001971  94.6425 265.4927 13.10373238208435
ONEWEB-0422             
1 51626U 22012E   26161.31721617  .00000057  00000+0  11363-3 0  9999
2 51626  87.9144   7.2247 0001274  77.1040 283.0234 13.17648171212905
ONEWEB-0423             
1 51627U 22012F   26160.85485522  .00000055  00000+0  10852-3 0  9990
2 51627  87.9140   7.3225 0001931  83.6909 276.4443 13.17649468212734
ONEWEB-0425             
1 51628U 22012G   26161.15908522 -.00000246  00000+0 -73980-3 0  9990
2 51628  87.8843  37.6670 0002120  78.1360 282.0005 13.10376028208403
ONEWEB-0428             
1 51629U 22012H   26161.36822198 -.00000552  00000+0 -16171-2 0  9996
2 51629  87.8836  37.6325 0001780  80.3582 279.7746 13.10370805208395
ONEWEB-0431             
1 51630U 22012J   26161.41458560  .00000656  00000+0  18443-2 0  9999
2 51630  87.8840  37.6156 0001431  98.7589 261.3701 13.10373157208455
ONEWEB-0434             
1 51631U 22012K   26161.39161153 -.00000196  00000+0 -59812-3 0  9993
2 51631  87.8846  37.6451 0002396  74.4070 285.7321 13.10375409208435
ONEWEB-0435             
1 51632U 22012L   26161.39976238  .00000257  00000+0  70006-3 0  9996
2 51632  87.8841  37.6302 0001471  79.0608 281.0685 13.10373833208427
ONEWEB-0436             
1 51633U 22012M   26161.52983020  .00000015  00000+0  55828-5 0  9998
2 51633  87.9144   7.1697 0001639  86.6464 273.4855 13.17648313212800
ONEWEB-0438             
1 51634U 22012N   26161.15409420 -.00000507  00000+0 -14874-2 0  9996
2 51634  87.8841  37.6820 0002000  80.2920 279.8433 13.10374612208426
ONEWEB-0439             
1 51635U 22012P   26161.38650723 -.00000841  00000+0 -24472-2 0  9992
2 51635  87.8828  37.6231 0002667  79.5199 280.6229 13.10367837208431
ONEWEB-0442             
1 51636U 22012Q   26161.52224324  .00000013  00000+0  79591-6 0  9998
2 51636  87.9138   7.2045 0002428  85.2023 274.9385 13.17648811212792
ONEWEB-0443             
1 51637U 22012R   26161.01008890  .00000107  00000+0  24317-3 0  9998
2 51637  87.9135   7.3074 0001888  76.5534 283.5808 13.17648806212770
ONEWEB-0444             
1 51638U 22012S   26161.37652438 -.00000668  00000+0 -19492-2 0  9992
2 51638  87.8834  37.6236 0001880  76.3866 283.7471 13.10372701208448
ONEWEB-0445             
1 51639U 22012T   26161.39812113  .00000163  00000+0  43207-3 0  9993
2 51639  87.8850  37.6071 0001816  88.5870 271.5465 13.10375391208450
ONEWEB-0446             
1 51640U 22012U   26161.37485968 -.00000656  00000+0 -19147-2 0  9991
2 51640  87.8839  37.6410 0001839  86.2347 273.8991 13.10372240208432
ONEWEB-0448             
1 51641U 22012V   26161.37984889 -.00000615  00000+0 -17987-2 0  9993
2 51641  87.8841  37.6369 0001788  79.1089 281.0239 13.10374115208402
ONEWEB-0449             
1 51642U 22012W   26161.38482822 -.00000457  00000+0 -13450-2 0  9990
2 51642  87.8842  37.6210 0002215  76.3940 283.7434 13.10374418208413
ONEWEB-0451             
1 51643U 22012X   26161.52646801  .00000000  00000+0 -32828-4 0  9991
2 51643  87.9147   7.1678 0002058  83.1803 276.9563 13.17648585212780
ONEWEB-0452             
1 51644U 22012Y   26161.52476860  .00000023  00000+0  26870-4 0  9992
2 51644  87.9135   7.2057 0001973  78.1632 281.9721 13.17648203212799
ONEWEB-0456             
1 51646U 22012AA  26161.39477877 -.00000031  00000+0 -12409-3 0  9991
2 51646  87.8854  37.6058 0001677  78.9934 281.1381 13.10374547208452
ONEWEB-0457             
1 51647U 22012AB  26161.37139963 -.00000625  00000+0 -18282-2 0  9994
2 51647  87.8836  37.6291 0002127  90.0072 270.1300 13.10370372208452
ONEWEB-0458             
1 51648U 22012AC  26161.39313389 -.00000042  00000+0 -15687-3 0  9993
2 51648  87.8849  37.6122 0001897  75.3476 284.7861 13.10375018208418
ONEWEB-0461             
1 51649U 22012AD  26161.16702130  .00000078  00000+0  16649-3 0  9991
2 51649  87.9146   7.2533 0001909  89.3037 270.8313 13.17647951212969
ONEWEB-0463             
1 51650U 22012AE  26161.52815164  .00000015  00000+0  53288-5 0  9998
2 51650  87.9134   7.2045 0001954  90.8775 269.2580 13.17648381212799
ONEWEB-0464             
1 51651U 22012AF  26161.38981087 -.00000224  00000+0 -67916-3 0  9996
2 51651  87.8839  37.6353 0001659  73.3378 286.7931 13.10375495208433
ONEWEB-0468             
1 51652U 22012AG  26161.39645803  .00000089  00000+0  21989-3 0  9998
2 51652  87.8841  37.6279 0001612  72.1979 287.9324 13.10375601208413
ONEWEB-0473             
1 51653U 22012AH  26161.38150392 -.00000595  00000+0 -17404-2 0  9992
2 51653  87.8837  37.6325 0001822  77.3266 282.8065 13.10373810208416
ONEWEB-0474             
1 51654U 22012AJ  26161.37320001 -.00000649  00000+0 -18948-2 0  9992
2 51654  87.8844  37.6174 0001720  71.9298 288.2017 13.10371573208409
ONEWEB-0475             
1 51655U 22012AK  26161.08434442  .00000071  00000+0  14929-3 0  9999
2 51655  87.9137   7.2858 0001715  65.8547 294.2764 13.17647874212757
ONEWEB-0490             
1 54113U 22138A   26161.31106937 -.00000008  00000+0 -51655-4 0  9991
2 54113  87.9172 306.3366 0001663  98.5890 261.5432 13.19724687175927
ONEWEB-0492             
1 54114U 22138B   26161.33635262  .00000112  00000+0  24844-3 0  9995
2 54114  87.9164 306.3334 0001716 105.2342 254.8980 13.19725560175936
ONEWEB-0495             
1 54115U 22138C   26161.31422809  .00000023  00000+0  23969-4 0  9994
2 54115  87.9164 306.3404 0001157  98.2109 261.9155 13.19724486175913
ONEWEB-0497             
1 54116U 22138D   26161.32686455  .00000062  00000+0  12284-3 0  9995
2 54116  87.9168 306.3295 0001747  98.7427 261.3904 13.19724442175906
ONEWEB-0499             
1 54117U 22138E   26161.31028837  .00000011  00000+0 -58929-5 0  9992
2 54117  87.9163 306.3426 0001608  93.5207 266.6110 13.19726277175919
ONEWEB-0500             
1 54118U 22138F   26161.16101036  .00000025  00000+0  30758-4 0  9992
2 54118  87.9172 306.3657 0001888 100.1923 259.9423 13.19724032175904
ONEWEB-0501             
1 54119U 22138G   26161.11519966  .00000056  00000+0  10702-3 0  9993
2 54119  87.9171 306.3747 0001395  96.4274 263.7017 13.19723129175877
ONEWEB-0502             
1 54120U 22138H   26161.48006734 -.00000028  00000+0 -10344-3 0  9992
2 54120  87.9172 306.2907 0001609  91.7486 268.3831 13.19723927175947
ONEWEB-0503             
1 54121U 22138J   26161.31738669  .00000043  00000+0  75068-4 0  9994
2 54121  87.9174 306.3288 0001964  90.7281 269.4077 13.19724479175913
ONEWEB-0504             
1 54122U 22138K   26161.15312247 -.00000006  00000+0 -46561-4 0  9994
2 54122  87.9172 306.3667 0001657  91.6504 268.4819 13.19724242175900
ONEWEB-0505             
1 54123U 22138L   26161.14996995 -.00000005  00000+0 -44886-4 0  9999
2 54123  87.9170 306.3686 0001412  91.7362 268.3933 13.19725456175883
ONEWEB-0506             
1 54124U 22138M   26161.12467409  .00000009  00000+0 -10433-4 0  9995
2 54124  87.9172 306.3704 0001516  95.4655 264.6651 13.19723735175871
ONEWEB-0507             
1 54125U 22138N   26161.14522482  .00000055  00000+0  10502-3 0  9997
2 54125  87.9163 306.3790 0001618  98.5152 261.6164 13.19724826175920
ONEWEB-0508             
1 54126U 22138P   26160.91460260  .00000035  00000+0  55733-4 0  9991
2 54126  87.9163 306.4244 0001402 102.8741 257.2549 13.19724351175875
ONEWEB-0509             
1 54127U 22138Q   26161.34421414  .00000105  00000+0  22952-3 0  9992
2 54127  87.9175 306.3277 0001664  97.8250 262.3071 13.19719463175901
ONEWEB-0510             
1 54128U 22138R   26161.31391259  .00000039  00000+0  62905-4 0  9992
2 54128  87.9191 275.8055 0002406  98.8830 261.2576 13.20772490178377
ONEWEB-0511             
1 54129U 22138S   26161.34108922  .00000118  00000+0  26234-3 0  9991
2 54129  87.9171 306.3311 0001798  88.0164 272.1175 13.19725916175939
ONEWEB-0512             
1 54130U 22138T   26161.33317961  .00000063  00000+0  12395-3 0  9999
2 54130  87.9163 306.3383 0001548  90.2586 269.8724 13.19724657175908
ONEWEB-0513             
1 54131U 22138U   26161.49318788  .00000064  00000+0  12633-3 0  9991
2 54131  87.9169 306.2512 0001382  67.2111 292.9168 13.20268887175833
ONEWEB-0514             
1 54132U 22138V   26160.89407470  .00000059  00000+0  11448-3 0  9999
2 54132  87.9172 306.4191 0001975  96.8371 263.2987 13.19724365175866
ONEWEB-0515             
1 54133U 22138W   26161.30042926  .00000024  00000+0  27491-4 0  9996
2 54133  87.9195 275.8024 0002572 115.9084 244.2315 13.20770086178392
ONEWEB-0516             
1 54134U 22138X   26161.47533204  .00000067  00000+0  13502-3 0  9993
2 54134  87.9163 306.3102 0001743 101.4513 258.6816 13.19725228175940
ONEWEB-0517             
1 54135U 22138Y   26161.15153315  .00000042  00000+0  72596-4 0  9992
2 54135  87.9168 306.3665 0002003  89.6098 270.5264 13.19724058175901
ONEWEB-0518             
1 54136U 22138Z   26161.32215029  .00000052  00000+0  98406-4 0  9992
2 54136  87.9163 306.3426 0001744 103.5378 256.5950 13.19727466175924
ONEWEB-0519             
1 54137U 22138AA  26161.34741146  .00000111  00000+0  24588-3 0  9994
2 54137  87.9176 306.3280 0001943  92.0491 268.0864 13.19726333175931
ONEWEB-0520             
1 54138U 22138AB  26161.30633372  .00000044  00000+0  78656-4 0  9993
2 54138  87.9172 306.3366 0001559  97.5270 262.6040 13.19724714175916
ONEWEB-0521             
1 54139U 22138AC  26161.33949976  .00000098  00000+0  21218-3 0  9997
2 54139  87.9174 306.3184 0001997  92.5781 267.5580 13.19725279175869
ONEWEB-0522             
1 54140U 22138AD  26161.31896719  .00000024  00000+0  26595-4 0  9996
2 54140  87.9175 306.3250 0001687  95.9428 264.1897 13.19724316175907
ONEWEB-0523             
1 54141U 22138AE  26161.28696420  .00000038  00000+0  61742-4 0  9998
2 54141  87.9192 275.8154 0002755 103.5585 256.5855 13.20770717178390
ONEWEB-0524             
1 54142U 22138AF  26161.27686737  .00000050  00000+0  90640-4 0  9991
2 54142  87.9192 275.8145 0002403 120.9535 239.1835 13.20770618178394
ONEWEB-0525             
1 54143U 22138AG  26161.33791647  .00000068  00000+0  13868-3 0  9991
2 54143  87.9170 306.3290 0001469 102.0492 258.0806 13.19725382175926
ONEWEB-0526             
1 54144U 22138AH  26161.14364053  .00000049  00000+0  89314-4 0  9997
2 54144  87.9172 306.3682 0001725 100.6492 259.4835 13.19725168175876
ONEWEB-0529             
1 54145U 22138AJ  26161.14679375  .00000047  00000+0  84991-4 0  9998
2 54145  87.9165 306.3772 0001597  98.9539 261.1775 13.19723868175897
ONEWEB-0531             
1 54146U 22138AK  26161.33916715  .00000095  00000+0  20242-3 0  9993
2 54146  87.9189 275.7999 0002757 109.4336 250.7096 13.20771453178401
ONEWEB-0535             
1 54147U 22138AL  26161.48323125 -.00000011  00000+0 -60868-4 0  9996
2 54147  87.9173 306.2938 0002152  96.6200 263.5178 13.19724555175953
ONEWEB-0536             
1 54148U 22138AM  26161.32568671  .00000029  00000+0  38393-4 0  9992
2 54148  87.9178 275.8257 0002822 113.4264 246.7166 13.20770732178397
ONEWEB-0527             
1 54642U 22166A   26161.50002315  .00027522  00000+0  66450-1 0  9999
2 54642  87.9243 245.3394 0001897 107.2253 180.2621 13.21779925  5158
ONEWEB-0528             
1 54643U 22166B   26161.51609821  .00000017  00000+0  10590-4 0  9993
2 54643  87.9253 245.3268 0001809 102.9837 257.1499 13.21669214170668
ONEWEB-0539             
1 54644U 22166C   26161.47835398  .00000045  00000+0  78013-4 0  9994
2 54644  87.9261 245.3056 0002031  93.1899 266.9467 13.21826952170656
ONEWEB-0540             
1 54645U 22166D   26161.48521689  .00000086  00000+0  17633-3 0  9996
2 54645  87.9256 245.3350 0002066  96.1822 263.9547 13.21826843170649
ONEWEB-0542             
1 54646U 22166E   26161.48844058  .00000065  00000+0  12607-3 0  9998
2 54646  87.9264 245.3020 0002089  91.2557 268.8816 13.21827679170651
ONEWEB-0545             
1 54647U 22166F   26161.52880794 -.00000075  00000+0 -21415-3 0  9991
2 54647  87.9254 245.3064 0002240  86.8455 273.2935 13.21827988170627
ONEWEB-0580             
1 54648U 22166G   26161.50357450  .00000048  00000+0  85895-4 0  9999
2 54648  87.9256 245.3113 0002336  91.7220 268.4181 13.21827398170664
ONEWEB-0582             
1 54649U 22166H   26161.46994339  .00000016  00000+0  71548-5 0  9994
2 54649  87.9255 245.3105 0002262  89.2117 270.9276 13.21826554170633
ONEWEB-0583             
1 54650U 22166J   26161.48171206  .00000047  00000+0  83484-4 0  9993
2 54650  87.9255 245.3315 0002084  96.3370 263.8001 13.21827749170645
ONEWEB-0584             
1 54651U 22166K   26161.50189096  .00000038  00000+0  60488-4 0  9992
2 54651  87.9252 245.3131 0002142  97.5678 262.5699 13.21825409170637
ONEWEB-0585             
1 54652U 22166L   26161.52545523 -.00000069  00000+0 -19935-3 0  9992
2 54652  87.9257 245.2952 0001939 103.5680 256.5670 13.21826339170643
ONEWEB-0586             
1 54653U 22166M   26161.46319141  .00000016  00000+0  78010-5 0  9992
2 54653  87.9254 245.3331 0002035  94.3107 265.8260 13.21824032170637
ONEWEB-0587             
1 54654U 22166N   26161.47328297 -.00000216  00000+0 -55414-3 0  9991
2 54654  87.9268 245.3040 0001933 109.4607 250.6736 13.21825708170797
ONEWEB-0589             
1 54655U 22166P   26161.45982898 -.00000051  00000+0 -15444-3 0  9999
2 54655  87.9250 245.3198 0002587  82.9949 277.1480 13.21824201170655
ONEWEB-0590             
1 54656U 22166Q   26161.48494323  .00000107  00000+0  22639-3 0  9998
2 54656  87.9264 245.3045 0002490 103.8534 256.2877 13.21826851170648
ONEWEB-0591             
1 54657U 22166R   26161.49686155  .00000075  00000+0  15110-3 0  9996
2 54657  87.9254 245.3173 0002113  99.5854 260.5519 13.21826410170673
ONEWEB-0592             
1 54658U 22166S   26161.50021698  .00000037  00000+0  58485-4 0  9995
2 54658  87.9266 245.2942 0002039  99.1207 261.0157 13.21827559170551
ONEWEB-0593             
1 54659U 22166T   26161.52206753 -.00000043  00000+0 -13598-3 0  9999
2 54659  87.9254 245.3019 0001951  94.2644 265.8712 13.21828122170666
ONEWEB-0594             
1 54660U 22166U   26161.46655677 -.00000005  00000+0 -44695-4 0  9998
2 54660  87.9254 245.3294 0001997 101.4396 258.6962 13.21824360170676
ONEWEB-0595             
1 54661U 22166V   26161.51871580 -.00000024  00000+0 -89664-4 0  9994
2 54661  87.9263 245.2991 0002028 106.4886 253.6471 13.21827193170650
ONEWEB-0596             
1 54662U 22166W   26161.49349308  .00000058  00000+0  10967-3 0  9994
2 54662  87.9257 245.3161 0002042 102.3764 257.7599 13.21826955170651
ONEWEB-0597             
1 54663U 22166X   26161.47498834  .00000039  00000+0  63093-4 0  9990
2 54663  87.9255 245.3229 0002048  95.8176 264.3192 13.21826770170652
ONEWEB-0600             
1 54664U 22166Y   26161.53215868 -.00000029  00000+0 -10211-3 0  9996
2 54664  87.9253 245.3029 0001847  95.4330 264.7014 13.21824160170639
ONEWEB-0601             
1 54665U 22166Z   26161.52376029 -.00000056  00000+0 -16742-3 0  9998
2 54665  87.9253 245.3207 0002152  93.2946 266.8434 13.21825363170823
ONEWEB-0602             
1 54666U 22166AA  26161.48927961  .00000079  00000+0  16041-3 0  9996
2 54666  87.9254 245.3337 0001816  93.5712 266.5630 13.21826265170668
ONEWEB-0603             
1 54667U 22166AB  26161.49517706  .00000091  00000+0  18850-3 0  9994
2 54667  87.9263 245.2888 0002018  96.2554 263.8809 13.21826345170597
ONEWEB-0604             
1 54668U 22166AC  26161.48339285  .00000059  00000+0  11056-3 0  9993
2 54668  87.9265 245.3066 0002003 101.6847 258.4511 13.21827657170552
ONEWEB-0605             
1 54669U 22166AD  26161.47667544  .00000070  00000+0  13724-3 0  9992
2 54669  87.9256 245.3219 0002628  93.8694 266.2741 13.21826700170626
ONEWEB-0606             
1 54670U 22166AE  26161.49853934  .00000054  00000+0  98102-4 0  9992
2 54670  87.9255 245.3302 0001971 104.2481 255.8872 13.21826836170686
ONEWEB-0607             
1 54671U 22166AF  26161.46487399 -.00000020  00000+0 -80311-4 0  9996
2 54671  87.9260 245.3073 0001978  94.7724 265.3636 13.21824156170652
ONEWEB-0608             
1 54672U 22166AG  26161.47161507  .00000070  00000+0  13799-3 0  9996
2 54672  87.9266 245.3024 0002391  89.3600 270.7808 13.21827858170662
ONEWEB-0610             
1 54673U 22166AH  26161.52711316 -.00000079  00000+0 -22375-3 0  9993
2 54673  87.9254 245.3063 0002215  83.0551 277.0835 13.21824175170573
ONEWEB-0611             
1 54674U 22166AJ  26161.52038641 -.00000020  00000+0 -80577-4 0  9992
2 54674  87.9254 245.3036 0001996 102.7656 257.3701 13.21827806170560
ONEWEB-0612             
1 54675U 22166AK  26161.45815806 -.00000027  00000+0 -97097-4 0  9993
2 54675  87.9264 245.3108 0002098  95.1620 264.9754 13.21824971170542
ONEWEB-0615             
1 54676U 22166AL  26161.51367922  .00000001  00000+0 -27962-4 0  9997
2 54676  87.9259 245.3151 0001810 104.5924 255.5411 13.21826406170561
ONEWEB-0655             
1 54677U 22166AM  26161.49012861  .00000100  00000+0  21125-3 0  9997
2 54677  87.9256 245.3210 0001862  93.2466 266.8880 13.21826759170552
ONEWEB-0659             
1 54678U 22166AN  26161.50695084  .00000259  00000+0  59522-3 0  9991
2 54678  87.9254 245.3176 0002055 101.9128 258.2236 13.21826374170642
ONEWEB-0685             
1 54679U 22166AP  26161.50713941  .00000045  00000+0  78563-4 0  9995
2 54679  87.9253 245.3100 0002087  89.5501 270.5872 13.21847371170531
ONEWEB-0712             
1 54680U 22166AQ  26161.44828352  .00000008  00000+0 -12959-4 0  9990
2 54680  87.9103 230.1126 0001661  89.2948 270.8373 13.16593856171176
ONEWEB-0714             
1 54681U 22166AR  26161.51197105  .00000043  00000+0  72757-4 0  9994
2 54681  87.9254 245.3062 0001720  96.7252 263.4078 13.21824126170653
ONEWEB-0532             
1 55140U 23004A   26161.50283227  .00000068  00000+0  14183-3 0  9992
2 55140  87.9138   7.1947 0002196  89.9525 270.1859 13.17648565166705
ONEWEB-0533             
1 55141U 23004B   26161.51983265  .00000471  00000+0  12747-2 0  9994
2 55141  87.8945 351.9969 0001880  83.2208 276.9134 13.12442980167180
ONEWEB-0541             
1 55142U 23004C   26161.16299603 -.00000061  00000+0 -20857-3 0  9991
2 55142  87.8900  22.4556 0001828  90.0401 270.0937 13.11416323165025
ONEWEB-0543             
1 55143U 23004D   26161.48673534  .00000071  00000+0  14784-3 0  9997
2 55143  87.9157 336.8035 0001623  88.5036 271.6282 13.18685250168818
ONEWEB-0544             
1 55144U 23004E   26161.47999439  .00000045  00000+0  82300-4 0  9993
2 55144  87.9156 336.8045 0001666  95.8989 264.2333 13.18685436168815
ONEWEB-0560             
1 55145U 23004F   26161.24562441  .00000012  00000+0 -16988-5 0  9993
2 55145  87.9158 336.8405 0001579  95.6116 264.5197 13.18686465168792
ONEWEB-0565             
1 55146U 23004G   26161.23887547  .00000028  00000+0  39404-4 0  9993
2 55146  87.9149 336.8705 0001908 104.1672 255.9672 13.18684550168789
ONEWEB-0567             
1 55147U 23004H   26161.23213590  .00000026  00000+0  32795-4 0  9999
2 55147  87.9158 336.8554 0001769 103.4742 256.6588 13.18685193168785
ONEWEB-0569             
1 55148U 23004J   26160.99978097 -.00000181  00000+0 -53089-3 0  9994
2 55148  87.8958 321.6504 0001276 123.2189 236.9063 13.13469073169230
ONEWEB-0570             
1 55149U 23004K   26161.52719799  .00000077  00000+0  16299-3 0  9991
2 55149  87.9156 336.7945 0002226  96.5064 263.6322 13.18684936168818
ONEWEB-0571             
1 55150U 23004L   26161.52047100  .00000895  00000+0  22361-2 0  9997
2 55150  87.9158 336.7951 0001954 130.9237 229.2064 13.18683785168824
ONEWEB-0572             
1 55151U 23004M   26161.07758640  .00000066  00000+0  13614-3 0  9998
2 55151  87.9136   7.2802 0001870  93.4676 266.6670 13.17647847166546
ONEWEB-0573             
1 55152U 23004N   26161.51371558  .00000075  00000+0  15745-3 0  9994
2 55152  87.9159 336.7980 0001983 118.3145 241.8188 13.18686143168816
ONEWEB-0588             
1 55153U 23004P   26161.50696703  .00000060  00000+0  12062-3 0  9999
2 55153  87.9156 336.7993 0002280  98.7994 261.3396 13.18684778168812
ONEWEB-0598             
1 55154U 23004Q   26161.36985138  .00000557  00000+0  15350-2 0  9990
2 55154  87.8889  22.4261 0001453 107.3182 252.8105 13.11417912165007
ONEWEB-0599             
1 55155U 23004R   26161.49439558  .00000046  00000+0  86156-4 0  9992
2 55155  87.9136   7.1958 0001635  85.9155 274.2163 13.17648268166605
ONEWEB-0614             
1 55156U 23004S   26161.36475824  .00000425  00000+0  11632-2 0  9991
2 55156  87.8889  22.4358 0002046  82.8651 277.2710 13.11419028164948
ONEWEB-0616             
1 55157U 23004T   26161.08097031  .00000034  00000+0  54896-4 0  9998
2 55157  87.9138   7.2815 0001168  61.3294 298.7955 13.17648334166766
ONEWEB-0617             
1 55158U 23004U   26161.35289279 -.00000009  00000+0 -61799-4 0  9990
2 55158  87.8898  22.4289 0002246  87.1711 272.9674 13.11419265164966
ONEWEB-0618             
1 55159U 23004V   26161.51142279  .00003227  00000+0  18036-3 0  9995
2 55159  86.9102 180.3444 0010457 330.2416  29.8228 15.13094303181250
ONEWEB-0619             
1 55160U 23004W   26161.49271505  .00000064  00000+0  13039-3 0  9993
2 55160  87.9147   7.1797 0002053  76.1500 283.9860 13.17648476166719
ONEWEB-0620             
1 55161U 23004X   26161.34779100 -.00000231  00000+0 -68636-3 0  9993
2 55161  87.8893  22.4390 0001819  92.9540 267.1796 13.11419862164938
ONEWEB-0621             
1 55162U 23004Y   26161.52752833  .00000530  00000+0  14607-2 0  9996
2 55162  87.8901  22.3912 0002035  82.2476 277.8883 13.11417507164938
ONEWEB-0622             
1 55163U 23004Z   26161.15113385  .00000406  00000+0  11095-2 0  9999
2 55163  87.8901  22.4683 0002497  93.2734 266.8679 13.11416037164877
ONEWEB-0623             
1 55164U 23004AA  26161.48764720  .00000038  00000+0  64881-4 0  9995
2 55164  87.9133   7.2119 0002614  81.6184 278.5244 13.17648873166705
ONEWEB-0624             
1 55165U 23004AB  26161.48849801 -.00000238  00000+0 -69246-3 0  9993
2 55165  87.8944 351.9188 0001902  87.3546 272.7801 13.12928576167199
ONEWEB-0625             
1 55166U 23004AC  26161.47752834  .00000056  00000+0  11095-3 0  9997
2 55166  87.9137   7.2095 0001736  82.5040 277.6289 13.17648360166697
ONEWEB-0626             
1 55167U 23004AD  26161.08772618  .00000078  00000+0  16811-3 0  9992
2 55167  87.9137   7.2865 0001719  99.9938 260.1387 13.17649060166641
ONEWEB-0627             
1 55168U 23004AE  26161.07589735  .00000062  00000+0  12718-3 0  9993
2 55168  87.9135   7.2894 0002349  83.6096 276.5303 13.17647306166647
ONEWEB-0628             
1 55169U 23004AF  26161.23873333 -.00000269  00000+0 -78338-3 0  9993
2 55169  87.8948 352.0349 0002443  81.2601 278.8804 13.12443641167122
ONEWEB-0629             
1 55170U 23004AG  26161.50704001  .00000044  00000+0  78891-4 0  9994
2 55170  87.9136   7.1994 0001958  77.7251 282.4100 13.17651591166702
ONEWEB-0631             
1 55171U 23004AH  26161.50022147  .00000060  00000+0  11986-3 0  9998
2 55171  87.9167 336.7660 0002121 104.1376 255.9992 13.18684903168793
ONEWEB-0709             
1 55172U 23004AJ  26161.33761867 -.00000486  00000+0 -14065-2 0  9993
2 55172  87.8889  22.4431 0001477 113.3057 246.8226 13.11416094164972
ONEWEB-0710             
1 55173U 23004AK  26161.52139789 -.00000008  00000+0 -53849-4 0  9992
2 55173  87.9135   7.1923 0002018  88.0548 272.0814 13.17649032166702
ONEWEB-0711             
1 55174U 23004AL  26161.15622735  .00000214  00000+0  56915-3 0  9993
2 55174  87.8892  22.4661 0002560  85.8487 274.2933 13.11416456164913
ONEWEB-0713             
1 55175U 23004AM  26161.32745301 -.00000462  00000+0 -13385-2 0  9998
2 55175  87.8897  22.4334 0002206  85.4991 274.6388 13.11415020164924
ONEWEB-0715             
1 55176U 23004AN  26161.32236793 -.00000359  00000+0 -10496-2 0  9994
2 55176  87.8891  22.4355 0001843 106.6567 253.4764 13.11416308164960
ONEWEB-0716             
1 55177U 23004AP  26161.51464759  .00000037  00000+0  63083-4 0  9994
2 55177  87.9140   7.1957 0001650  82.4288 277.7031 13.17649335166708
ONEWEB-0717             
1 55178U 23004AQ  26161.49777076  .00000042  00000+0  76225-4 0  9999
2 55178  87.9147   7.1863 0002398  92.6622 267.4784 13.17648311166756
ONEWEB-0719             
1 55179U 23004AR  26161.50790248  .00000055  00000+0  10868-3 0  9992
2 55179  87.9146   7.1647 0001809  80.6352 279.4984 13.17648829166703
ONEWEB-0530             
1 55796U 23029A   26161.27182336  .00000068  00000+0  13633-3 0  9998
2 55796  87.9180 275.8478 0002368  94.6122 265.5282 13.20770953160230
ONEWEB-0534             
1 55797U 23029B   26161.33578977  .00000079  00000+0  16228-3 0  9991
2 55797  87.9182 275.8355 0001841  99.5242 260.6099 13.20771666160244
ONEWEB-0556             
1 55798U 23029C   26161.34253141  .00000138  00000+0  30846-3 0  9994
2 55798  87.9179 275.8338 0001846  74.4603 285.6734 13.20773312160243
ONEWEB-0562             
1 55799U 23029D   26161.32905062  .00000038  00000+0  60980-4 0  9991
2 55799  87.9180 275.8173 0002471  82.5810 277.5604 13.20770389160245
ONEWEB-0563             
1 55800U 23029E   26161.32401310  .00000009  00000+0 -85751-5 0  9994
2 55800  87.9179 275.8488 0001702 100.7858 259.3467 13.20771672160236
ONEWEB-0564             
1 55801U 23029F   26161.31727583  .00000017  00000+0  10907-4 0  9995
2 55801  87.9180 275.8233 0002220  92.6529 267.4858 13.20770656160243
ONEWEB-0638             
1 55802U 23029G   26161.31411601 -.00000153  00000+0 -44765-3 0  9998
2 55802  87.8950 291.1224 0001915  83.4336 276.7012 13.14502914158495
ONEWEB-0639             
1 55803U 23029H   26161.13258975  .00000008  00000+0 -12287-4 0  9995
2 55803  87.9163 306.3818 0000995 117.9347 242.1887 13.19724807157974
ONEWEB-0640             
1 55804U 23029J   26161.32362957 -.00000045  00000+0 -15499-3 0  9992
2 55804  87.8949 291.1114 0001544  78.8973 281.2330 13.14503117158519
ONEWEB-0641             
1 55805U 23029K   26161.12784129  .00000083  00000+0  17554-3 0  9994
2 55805  87.9170 306.3714 0001698 100.6748 259.4577 13.19724309157989
ONEWEB-0642             
1 55806U 23029L   26161.12310865  .00000037  00000+0  59370-4 0  9999
2 55806  87.9166 306.3846 0001286 121.9606 238.1652 13.19724240157974
ONEWEB-0643             
1 55807U 23029M   26161.29350750  .00000024  00000+0  31338-4 0  9995
2 55807  87.8952 291.1046 0001641 121.5341 238.5950 13.14502823158485
ONEWEB-0644             
1 55808U 23029N   26161.34581323  .00000095  00000+0  20491-3 0  9999
2 55808  87.9164 306.3417 0001592 107.0428 253.0879 13.19724259158007
ONEWEB-0645             
1 55809U 23029P   26161.14047420  .00000029  00000+0  40041-4 0  9994
2 55809  87.9163 306.3796 0001392  93.0521 267.0771 13.19723694157976
ONEWEB-0646             
1 55810U 23029Q   26161.30949744 -.00000029  00000+0 -10478-3 0  9996
2 55810  87.9163 306.3461 0001643 105.2531 254.8783 13.19724565157989
ONEWEB-0648             
1 55811U 23029R   26161.33788529  .00000214  00000+0  54399-3 0  9996
2 55811  87.8958 291.0687 0000940 105.9568 254.1666 13.14505283158496
ONEWEB-0649             
1 55812U 23029S   26161.33475844  .00000071  00000+0  14451-3 0  9996
2 55812  87.9163 306.3386 0001569  97.6221 262.5090 13.19725103158026
ONEWEB-0650             
1 55813U 23029T   26161.33000806  .00000051  00000+0  94524-4 0  9997
2 55813  87.9163 306.3422 0001369 110.5237 249.6042 13.19724796157993
ONEWEB-0652             
1 55814U 23029U   26161.31886171 -.00000119  00000+0 -35547-3 0  9999
2 55814  87.8957 291.0801 0002035  99.6708 260.4651 13.14504770158469
ONEWEB-0653             
1 55815U 23029V   26161.30300880 -.00000079  00000+0 -24778-3 0  9996
2 55815  87.8960 291.0808 0001886  97.2886 262.8458 13.14503078158499
ONEWEB-0654             
1 55816U 23029W   26161.29825542 -.00000025  00000+0 -10275-3 0  9990
2 55816  87.8959 291.0779 0002172  94.0011 266.1367 13.14503278158510
ONEWEB-0656             
1 55817U 23029X   26161.31054530  .00000030  00000+0  41602-4 0  9998
2 55817  87.9194 275.7999 0002329  95.0287 265.1112 13.20772579160245
ONEWEB-0657             
1 55818U 23029Y   26161.32528925  .00000017  00000+0  10713-4 0  9998
2 55818  87.9163 306.3419 0002449 107.0510 253.0891 13.19724450158000
ONEWEB-0658             
1 55819U 23029Z   26161.32054792  .00000018  00000+0  13461-4 0  9999
2 55819  87.9172 306.3178 0001542 108.0940 252.0361 13.19724509158011
ONEWEB-0660             
1 55820U 23029AA  26161.27605669  .00000255  00000+0  65433-3 0  9998
2 55820  87.8967 291.0751 0001590  93.9625 266.1687 13.14503120158494
ONEWEB-0661             
1 55821U 23029AB  26161.31094686 -.00000206  00000+0 -58942-3 0  9990
2 55821  87.8948 291.1142 0001705  91.9382 268.1943 13.14502450158486
ONEWEB-0662             
1 55822U 23029AC  26161.34583347  .00000290  00000+0  74681-3 0  9990
2 55822  87.8947 291.1135 0001578  94.3328 265.7982 13.14502344158537
ONEWEB-0663             
1 55823U 23029AD  26161.34474477  .00000129  00000+0  28459-3 0  9997
2 55823  87.9191 275.8650 0001502 101.9878 258.1423 13.20868751160244
ONEWEB-0664             
1 55824U 23029AE  26161.29706613  .00000031  00000+0  45488-4 0  9996
2 55824  87.9177 275.8564 0001910  85.8660 274.2692 13.20770090160239
ONEWEB-0665             
1 55825U 23029AF  26161.30777660 -.00000216  00000+0 -61593-3 0  9990
2 55825  87.8949 291.0954 0001549  97.5720 262.5586 13.14502534158502
ONEWEB-0666             
1 55826U 23029AG  26161.29033648  .00000053  00000+0  97183-4 0  9992
2 55826  87.9179 275.8475 0002576 109.7268 250.4143 13.20770831160244
ONEWEB-0667             
1 55827U 23029AH  26161.28529336  .00000054  00000+0  10052-3 0  9996
2 55827  87.9195 275.8056 0001808  96.6704 263.4635 13.20771412160239
ONEWEB-0669             
1 55828U 23029AJ  26161.28023888  .00000124  00000+0  27228-3 0  9999
2 55828  87.9189 275.8182 0002367  90.1009 270.0396 13.20771707160236
ONEWEB-0670             
1 55829U 23029AK  26160.90498835 -.00000016  00000+0 -77191-4 0  9993
2 55829  87.8950 291.1933 0001762  86.7484 273.3848 13.14502347158479
ONEWEB-0671             
1 55830U 23029AL  26161.31579753  .00000021  00000+0  20406-4 0  9991
2 55830  87.9164 306.3451 0001691  94.2644 265.8682 13.19723772157996
ONEWEB-0672             
1 55831U 23029AM  26161.27518324  .00000104  00000+0  22385-3 0  9993
2 55831  87.9190 275.8123 0002224 101.1811 258.9573 13.20771960160236
ONEWEB-0673             
1 55832U 23029AN  26161.14127247  .00000023  00000+0  26192-4 0  9991
2 55832  87.9170 306.3710 0001736  93.7020 266.4311 13.19726089157973
ONEWEB-0674             
1 55833U 23029AP  26161.32997579  .00000083  00000+0  18834-3 0  9994
2 55833  87.8947 291.0854 0001800  86.6539 273.4797 13.14503909158518
ONEWEB-0675             
1 55834U 23029AQ  26161.15627740  .00000018  00000+0  11575-4 0  9990
2 55834  87.9163 306.3784 0002020 105.3446 254.7910 13.19723908157991
ONEWEB-0720             
1 55835U 23029AR  26161.14837415  .00000037  00000+0  60713-4 0  9991
2 55835  87.9162 306.3801 0001545 100.3077 259.8230 13.19724058157917
ONEWEB-0537             
1 56046U 23043A   26161.43087008  .00000008  00000+0 -12339-4 0  9999
2 56046  87.9101 230.1130 0002260 101.3047 258.8338 13.16594465158077
ONEWEB-0538             
1 56047U 23043B   26161.42453793  .00000087  00000+0  19393-3 0  9999
2 56047  87.9103 230.1167 0002050 106.4209 253.7147 13.16594827158088
ONEWEB-0546             
1 56048U 23043C   26161.48787050  .00000084  00000+0  18655-3 0  9999
2 56048  87.9102 230.1040 0002732 101.2685 258.8753 13.16594878158081
ONEWEB-0547             
1 56049U 23043D   26161.51114398  .00000034  00000+0  50938-4 0  9999
2 56049  87.9261 245.3021 0001897 103.4227 256.7118 13.21825548157349
ONEWEB-0548             
1 56050U 23043E   26161.43640278  .00000020  00000+0  19326-4 0  9994
2 56050  87.9099 230.1106 0002112  86.0950 274.0423 13.16596370158071
ONEWEB-0549             
1 56051U 23043F   26161.50526079  .00000113  00000+0  24146-3 0  9993
2 56051  87.9254 245.3102 0002007 110.6627 249.4722 13.21825501157341
ONEWEB-0550             
1 56052U 23043G   26161.49181463  .00000103  00000+0  21857-3 0  9991
2 56052  87.9256 245.3102 0001972  93.5609 266.5751 13.21825921157341
ONEWEB-0551             
1 56053U 23043H   26161.53824396 -.00000064  00000+0 -20330-3 0  9999
2 56053  87.9001 260.5508 0001811 110.4162 249.7163 13.15549329155520
ONEWEB-0552             
1 56054U 23043J   26161.48675019  .00000083  00000+0  17062-3 0  9997
2 56054  87.9254 245.3169 0001836  99.4969 260.6372 13.21828098157349
ONEWEB-0553             
1 56055U 23043K   26161.49419557  .00000608  00000+0  15567-2 0  9992
2 56055  87.9100 230.1033 0001917  97.2682 262.8666 13.16597825158098
ONEWEB-0554             
1 56056U 23043L   26161.48152536  .00000131  00000+0  30809-3 0  9991
2 56056  87.9098 230.1149 0002081  83.7874 276.3494 13.16585520158075
ONEWEB-0555             
1 56057U 23043M   26161.44352288 -.00000029  00000+0 -10866-3 0  9993
2 56057  87.9102 230.1104 0002674  99.1684 260.9749 13.16596596158078
ONEWEB-0557             
1 56058U 23043N   26161.22978953 -.00000063  00000+0 -19731-3 0  9991
2 56058  87.9102 230.1630 0002991  78.5971 281.5496 13.16594034158045
ONEWEB-0558             
1 56059U 23043P   26161.48001959  .00000092  00000+0  19207-3 0  9991
2 56059  87.9255 245.3128 0002075 109.0860 251.0499 13.21827724157354
ONEWEB-0559             
1 56060U 23043Q   26161.46823851  .00000027  00000+0  34097-4 0  9997
2 56060  87.9258 245.3101 0001846 104.1959 255.9380 13.21827641157361
ONEWEB-0566             
1 56061U 23043R   26161.46152773 -.00000014  00000+0 -65521-4 0  9990
2 56061  87.9256 245.3095 0001794 107.5801 252.5529 13.21826681157346
ONEWEB-0568             
1 56062U 23043S   26161.47520282  .00000079  00000+0  17313-3 0  9990
2 56062  87.9099 230.1041 0002340  98.4876 261.6520 13.16594068158093
ONEWEB-0574             
1 56063U 23043T   26161.53048214 -.00000093  00000+0 -25706-3 0  9991
2 56063  87.9264 245.2981 0002115  94.4840 265.6536 13.21827259157395
ONEWEB-0575             
1 56064U 23043U   26161.46887022  .00000049  00000+0  94189-4 0  9993
2 56064  87.9097 230.1017 0002362  90.5230 269.6172 13.16593981158080
ONEWEB-0576             
1 56065U 23043V   26161.44986286 -.00000042  00000+0 -14447-3 0  9997
2 56065  87.9102 230.1129 0002214  93.5223 266.6161 13.16594114158076
ONEWEB-0577             
1 56066U 23043W   26161.45620127 -.00000026  00000+0 -10215-3 0  9999
2 56066  87.9101 230.1094 0002432  80.6724 279.4681 13.16592982158106
ONEWEB-0578             
1 56067U 23043X   26161.51702758 -.00000014  00000+0 -66439-4 0  9995
2 56067  87.9258 245.2994 0002360 100.3343 259.8057 13.21824690157358
ONEWEB-0579             
1 56068U 23043Y   26161.50863603  .00000020  00000+0  16683-4 0  9993
2 56068  87.9263 245.2976 0001740  99.1699 260.9632 13.21826334157365
ONEWEB-0581             
1 56069U 23043Z   26161.46251483  .00000018  00000+0  12592-4 0  9998
2 56069  87.9097 230.1195 0002250  83.9468 276.1919 13.16596389158073
ONEWEB-0609             
1 56070U 23043AA  26161.33622168  .00000183  00000+0  45165-3 0  9992
2 56070  87.8998 260.5767 0001982 103.1717 256.9634 13.15548809155530
ONEWEB-0613             
1 56071U 23043AB  26161.25778231  .00000164  00000+0  40170-3 0  9997
2 56071  87.8999 260.6045 0001712 104.7369 255.3951 13.15549801155520
ONEWEB-0630             
1 56072U 23043AC  26161.32907417 -.00000072  00000+0 -22661-3 0  9991
2 56072  87.9002 260.5615 0001731 103.3399 256.7925 13.15549238155528
ONEWEB-0632             
1 56073U 23043AD  26161.32434119  .00000055  00000+0  11124-3 0  9997
2 56073  87.8998 260.5805 0001965  96.2341 263.9013 13.15548315155522
ONEWEB-0633             
1 56074U 23043AE  26161.31798359 -.00000067  00000+0 -21209-3 0  9996
2 56074  87.9008 260.5567 0001698 111.8928 248.2383 13.15548254155505
ONEWEB-0634             
1 56075U 23043AF  26161.53191315 -.00000092  00000+0 -27913-3 0  9996
2 56075  87.9002 260.5549 0002246 106.1259 254.0118 13.15548593155523
ONEWEB-0635             
1 56076U 23043AG  26161.52714844 -.00000080  00000+0 -24721-3 0  9995
2 56076  87.9008 260.5176 0002002  92.6868 267.4491 13.15550747155550
ONEWEB-0636             
1 56077U 23043AH  26161.51923888  .00000011  00000+0 -52136-5 0  9991
2 56077  87.9007 260.5260 0002024  94.8844 265.2518 13.15549339155535
ONEWEB-0637             
1 56078U 23043AJ  26161.51290374  .00000040  00000+0  70914-4 0  9993
2 56078  87.9002 260.5441 0002273  98.4366 261.7022 13.15548933155559
ONEWEB-0647             
1 56079U 23043AK  26161.50815304  .00000088  00000+0  20015-3 0  9997
2 56079  87.9002 260.5575 0001843  97.1292 263.0048 13.15548502155548
ONEWEB-0651             
1 56080U 23043AL  26161.50339661  .00000240  00000+0  60446-3 0  9998
2 56080  87.9000 260.5522 0002128  95.3737 264.7636 13.15548738156746
ONEWEB-0718             
1 56081U 23043AM  26161.27045154  .00000165  00000+0  40537-3 0  9999
2 56081  87.9000 260.5792 0002245 112.6324 247.5044 13.15550519155528
ONEWEB-0561             
1 56710U 23068A   26161.30381544  .00000087  00000+0  18269-3 0  9995
2 56710  87.9189 275.8149 0001797  89.1165 271.0174 13.20769820148590
ONEWEB-0668             
1 56711U 23068B   26161.43720031  .00000046  00000+0  86589-4 0  9994
2 56711  87.9101 230.1126 0002556 103.1767 256.9649 13.16594236150890
ONEWEB-0676             
1 56712U 23068C   26161.44510061 -.00000281  00000+0 -76769-3 0  9997
2 56712  87.9100 230.1169 0002117  89.0093 271.1281 13.16594435150818
ONEWEB-0677             
1 56713U 23068D   26161.29201006 -.00000047  00000+0 -14792-3 0  9995
2 56713  87.9190 275.8089 0002324  94.9983 265.1415 13.20769210148895
ONEWEB-0678             
1 56714U 23068E   26161.31482985 -.00000055  00000+0 -18019-3 0  9991
2 56714  87.9009 260.5617 0001685  99.5952 260.5369 13.15548285148381
ONEWEB-0679             
1 56715U 23068F   26161.47994758  .00000072  00000+0  15382-3 0  9992
2 56715  87.9103 230.1018 0002592  94.5598 265.5829 13.16594103150845
ONEWEB-0680             
1 56716U 23068G   26161.51030389  .00000041  00000+0  68278-4 0  9998
2 56716  87.9262 245.2988 0002631 102.0054 258.1375 13.21828011150210
ONEWEB-0681             
1 56717U 23068H   26161.49095877  .00000080  00000+0  16233-3 0  9995
2 56717  87.9259 245.3043 0002254  73.9897 286.1485 13.21826961150206
ONEWEB-0682             
1 56718U 23068J   26161.33860769  .00000188  00000+0  46661-3 0  9996
2 56718  87.9007 260.5579 0002508 102.8009 257.3401 13.15548529148557
ONEWEB-0683             
1 56719U 23068K   26161.51448944  .00000034  00000+0  55735-4 0  9997
2 56719  87.9013 260.5222 0002207 105.0676 255.0699 13.15548970148544
ONEWEB-0684             
1 56720U 23068L   26161.52240534 -.00000052  00000+0 -17172-3 0  9999
2 56720  87.9009 260.5107 0001096 141.9589 218.1619 13.15548504148376
ONEWEB-0686             
1 56721U 23068M   26161.44036961 -.00000079  00000+0 -24097-3 0  9991
2 56721  87.9090 230.1333 0002129 107.7284 252.4080 13.16594816150825
ONEWEB-0694             
1 56722U 23068N   26161.21870875 -.00000011  00000+0 -63005-4 0  9996
2 56722  87.9110 230.1405 0002517 102.4969 257.6444 13.16594681150856
ONEWEB-0696             
1 56723U 23068P   26161.32748745 -.00000037  00000+0 -13237-3 0  9998
2 56723  87.8998 260.5885 0001493  98.0258 262.1042 13.15547351148462
ONEWEB-0703             
1 56724U 23068Q   26161.33701922  .00000205  00000+0  51056-3 0  9992
2 56724  87.8999 260.5678 0001304  80.0892 280.0386 13.15548646148356
ONEWEB-0721             
1 56725U 23068R   26161.33056676  .00000037  00000+0  53458-4 0  9994
2 56725  86.6767  87.7044 0001928  78.2727 281.8623 13.22469039157035
ONEWEB-0015             
1 61594U 24188A   26161.36645990  .00000488  00000+0  13400-2 0  9995
2 61594  87.8891  22.4510 0002300  76.8856 283.2528 13.11418513 83567
ONEWEB-0687             
1 61595U 24188B   26161.32058507  .00000055  00000+0  10825-3 0  9993
2 61595  87.9132   7.2433 0002339  89.8023 270.3376 13.17647501 84997
ONEWEB-0688             
1 61596U 24188C   26161.50114824  .00000045  00000+0  83567-4 0  9992
2 61596  87.9133   7.2068 0002900  70.6405 289.5040 13.17648311 85013
ONEWEB-0689             
1 61597U 24188D   26161.32406101 -.00000378  00000+0 -11010-2 0  9998
2 61597  87.8906  22.4164 0002003  92.5566 267.5791 13.11416614 83551
ONEWEB-0690             
1 61598U 24188E   26161.33423162 -.00000745  00000+0 -21379-2 0  9993
2 61598  87.8903  22.4261 0001414  65.7908 294.3367 13.11417026 83739
ONEWEB-0691             
1 61599U 24188F   26161.32915492 -.00000520  00000+0 -15021-2 0  9993
2 61599  87.8912  22.3353 0002191  81.0489 279.0887 13.11416239 83584
ONEWEB-0692             
1 61600U 24188G   26161.12060447 -.00000094  00000+0 -30131-3 0  9991
2 61600  87.8892  22.4917 0001615 110.6962 249.4339 13.11420358 83542
ONEWEB-0693             
1 61601U 24188H   26161.51295477  .00000023  00000+0  27282-4 0  9992
2 61601  87.9128   7.2249 0001544  61.8473 298.2815 13.17647797 85008
ONEWEB-0695             
1 61602U 24188J   26161.32575861 -.00000399  00000+0 -11623-2 0  9998
2 61602  87.8892  22.4426 0001917 100.9246 259.2098 13.11414741 83563
ONEWEB-0697             
1 61603U 24188K   26161.35797914  .00000241  00000+0  64312-3 0  9995
2 61603  87.8892  22.4266 0001509 109.1753 250.9538 13.11419761 83550
ONEWEB-0698             
1 61604U 24188L   26161.33592354 -.00000673  00000+0 -19347-2 0  9993
2 61604  87.8887  22.4458 0000661 100.2148 259.9055 13.11416443 83575
ONEWEB-0699             
1 61605U 24188M   26161.41970591  .00000545  00000+0  15260-2 0  9992
2 61605  87.8836  37.6138 0001432 101.6495 258.4793 13.10371349 82420
ONEWEB-0700             
1 61606U 24188N   26161.42136359  .00000500  00000+0  13967-2 0  9993
2 61606  87.8855  37.5215 0001806 104.2991 255.8337 13.10371355 82413
ONEWEB-0701             
1 61607U 24188P   26161.36158978 -.00000244  00000+0 -73517-3 0  9993
2 61607  87.8840  37.6248 0001378 108.5162 251.6115 13.10369552 82410
ONEWEB-0702             
1 61608U 24188Q   26161.15283493  .00000328  00000+0  89063-3 0  9996
2 61608  87.8909  22.3859 0001764 118.2636 241.8671 13.11416697 83568
ONEWEB-0704             
1 61609U 24188R   26161.19726884  .00000319  00000+0  87690-3 0  9991
2 61609  87.8848  37.6463 0001956 115.6500 244.4829 13.10370536 82377
ONEWEB-0705             
1 61610U 24188S   26161.35496963  .00000776  00000+0  21865-2 0  9991
2 61610  87.8844  37.6206 0002549 102.9836 257.1576 13.10370522 74567
ONEWEB-0706             
1 61611U 24188T   26161.41638742  .00000546  00000+0  15266-2 0  9995
2 61611  87.8843  37.6140 0001927 100.7878 259.3467 13.10371858 82492
ONEWEB-0707             
1 61612U 24188U   26161.19394957  .00000497  00000+0  13869-2 0  9990
2 61612  87.8845  37.6517 0001841 100.6576 259.4759 13.10370783 82404
ONEWEB-0708             
1 61613U 24188V   26161.36490786 -.00000390  00000+0 -11541-2 0  9996
2 61613  87.8837  37.6366 0002320  86.3604 273.7789 13.10369861 82400
